-- auto generated by mc8051.de
SET FOREIGN_KEY_CHECKS = 0;
-- delete existing data
TRUNCATE permission_group_commands;
TRUNCATE permission_group_rights;
TRUNCATE permission_groups;
-- clear legacy permissions for support of autocms
TRUNCATE permissions;
-- permission group Member
INSERT INTO permission_groups (id, name, description, level, prefix, prefix_color, badge, room_effect, log_enabled) VALUES ('8', 'Member', '', '1', '', '', '', '0', '1');
INSERT INTO permission_group_commands (group_id, command_name, setting_type) VALUES ('8', 'cmd_add_youtube_playlist', '0');
INSERT INTO permission_group_commands (group_id, command_name, setting_type) VALUES ('8', 'cmd_alert', '0');
INSERT INTO permission_group_commands (group_id, command_name, setting_type) VALUES ('8', 'cmd_allow_trading', '0');
INSERT INTO permission_group_commands (group_id, command_name, setting_type) VALUES ('8', 'cmd_badge', '0');
INSERT INTO permission_group_commands (group_id, command_name, setting_type) VALUES ('8', 'cmd_ban', '0');
INSERT INTO permission_group_commands (group_id, command_name, setting_type) VALUES ('8', 'cmd_block_alert', '0');
INSERT INTO permission_group_commands (group_id, command_name, setting_type) VALUES ('8', 'cmd_bots', '0');
INSERT INTO permission_group_commands (group_id, command_name, setting_type) VALUES ('8', 'cmd_bundle', '0');
INSERT INTO permission_group_commands (group_id, command_name, setting_type) VALUES ('8', 'cmd_calendar', '0');
INSERT INTO permission_group_commands (group_id, command_name, setting_type) VALUES ('8', 'cmd_changename', '0');
INSERT INTO permission_group_commands (group_id, command_name, setting_type) VALUES ('8', 'cmd_chatcolor', '0');
INSERT INTO permission_group_commands (group_id, command_name, setting_type) VALUES ('8', 'cmd_control', '0');
INSERT INTO permission_group_commands (group_id, command_name, setting_type) VALUES ('8', 'cmd_coords', '0');
INSERT INTO permission_group_commands (group_id, command_name, setting_type) VALUES ('8', 'cmd_credits', '0');
INSERT INTO permission_group_commands (group_id, command_name, setting_type) VALUES ('8', 'cmd_diagonal', '0');
INSERT INTO permission_group_commands (group_id, command_name, setting_type) VALUES ('8', 'cmd_disconnect', '1');
INSERT INTO permission_group_commands (group_id, command_name, setting_type) VALUES ('8', 'cmd_duckets', '0');
INSERT INTO permission_group_commands (group_id, command_name, setting_type) VALUES ('8', 'cmd_ejectall', '1');
INSERT INTO permission_group_commands (group_id, command_name, setting_type) VALUES ('8', 'cmd_empty', '0');
INSERT INTO permission_group_commands (group_id, command_name, setting_type) VALUES ('8', 'cmd_empty_bots', '0');
INSERT INTO permission_group_commands (group_id, command_name, setting_type) VALUES ('8', 'cmd_empty_pets', '0');
INSERT INTO permission_group_commands (group_id, command_name, setting_type) VALUES ('8', 'cmd_enable', '0');
INSERT INTO permission_group_commands (group_id, command_name, setting_type) VALUES ('8', 'cmd_event', '0');
INSERT INTO permission_group_commands (group_id, command_name, setting_type) VALUES ('8', 'cmd_faceless', '0');
INSERT INTO permission_group_commands (group_id, command_name, setting_type) VALUES ('8', 'cmd_fastwalk', '0');
INSERT INTO permission_group_commands (group_id, command_name, setting_type) VALUES ('8', 'cmd_filterword', '0');
INSERT INTO permission_group_commands (group_id, command_name, setting_type) VALUES ('8', 'cmd_freeze', '0');
INSERT INTO permission_group_commands (group_id, command_name, setting_type) VALUES ('8', 'cmd_freeze_bots', '0');
INSERT INTO permission_group_commands (group_id, command_name, setting_type) VALUES ('8', 'cmd_gift', '0');
INSERT INTO permission_group_commands (group_id, command_name, setting_type) VALUES ('8', 'cmd_give_rank', '0');
INSERT INTO permission_group_commands (group_id, command_name, setting_type) VALUES ('8', 'cmd_ha', '0');
INSERT INTO permission_group_commands (group_id, command_name, setting_type) VALUES ('8', 'cmd_hal', '0');
INSERT INTO permission_group_commands (group_id, command_name, setting_type) VALUES ('8', 'cmd_hand_item', '0');
INSERT INTO permission_group_commands (group_id, command_name, setting_type) VALUES ('8', 'cmd_happy_hour', '0');
INSERT INTO permission_group_commands (group_id, command_name, setting_type) VALUES ('8', 'cmd_hide_wired', '0');
INSERT INTO permission_group_commands (group_id, command_name, setting_type) VALUES ('8', 'cmd_invisible', '0');
INSERT INTO permission_group_commands (group_id, command_name, setting_type) VALUES ('8', 'cmd_ip_ban', '0');
INSERT INTO permission_group_commands (group_id, command_name, setting_type) VALUES ('8', 'cmd_machine_ban', '0');
INSERT INTO permission_group_commands (group_id, command_name, setting_type) VALUES ('8', 'cmd_mass_badge', '0');
INSERT INTO permission_group_commands (group_id, command_name, setting_type) VALUES ('8', 'cmd_mass_credits', '0');
INSERT INTO permission_group_commands (group_id, command_name, setting_type) VALUES ('8', 'cmd_mass_duckets', '0');
INSERT INTO permission_group_commands (group_id, command_name, setting_type) VALUES ('8', 'cmd_mass_gift', '0');
INSERT INTO permission_group_commands (group_id, command_name, setting_type) VALUES ('8', 'cmd_mass_points', '0');
INSERT INTO permission_group_commands (group_id, command_name, setting_type) VALUES ('8', 'cmd_mimic', '0');
INSERT INTO permission_group_commands (group_id, command_name, setting_type) VALUES ('8', 'cmd_moonwalk', '0');
INSERT INTO permission_group_commands (group_id, command_name, setting_type) VALUES ('8', 'cmd_multi', '0');
INSERT INTO permission_group_commands (group_id, command_name, setting_type) VALUES ('8', 'cmd_mute', '0');
INSERT INTO permission_group_commands (group_id, command_name, setting_type) VALUES ('8', 'cmd_pet_info', '0');
INSERT INTO permission_group_commands (group_id, command_name, setting_type) VALUES ('8', 'cmd_pick_all', '0');
INSERT INTO permission_group_commands (group_id, command_name, setting_type) VALUES ('8', 'cmd_points', '0');
INSERT INTO permission_group_commands (group_id, command_name, setting_type) VALUES ('8', 'cmd_promote_offer', '0');
INSERT INTO permission_group_commands (group_id, command_name, setting_type) VALUES ('8', 'cmd_pull', '0');
INSERT INTO permission_group_commands (group_id, command_name, setting_type) VALUES ('8', 'cmd_push', '0');
INSERT INTO permission_group_commands (group_id, command_name, setting_type) VALUES ('8', 'cmd_redeem', '1');
INSERT INTO permission_group_commands (group_id, command_name, setting_type) VALUES ('8', 'cmd_reload_room', '0');
INSERT INTO permission_group_commands (group_id, command_name, setting_type) VALUES ('8', 'cmd_required_custom', '0');
INSERT INTO permission_group_commands (group_id, command_name, setting_type) VALUES ('8', 'cmd_rights', '1');
INSERT INTO permission_group_commands (group_id, command_name, setting_type) VALUES ('8', 'cmd_room_alert', '0');
INSERT INTO permission_group_commands (group_id, command_name, setting_type) VALUES ('8', 'cmd_room_badge', '0');
INSERT INTO permission_group_commands (group_id, command_name, setting_type) VALUES ('8', 'cmd_room_credits', '0');
INSERT INTO permission_group_commands (group_id, command_name, setting_type) VALUES ('8', 'cmd_room_dance', '0');
INSERT INTO permission_group_commands (group_id, command_name, setting_type) VALUES ('8', 'cmd_room_duckets', '0');
INSERT INTO permission_group_commands (group_id, command_name, setting_type) VALUES ('8', 'cmd_room_effect', '0');
INSERT INTO permission_group_commands (group_id, command_name, setting_type) VALUES ('8', 'cmd_room_gift', '0');
INSERT INTO permission_group_commands (group_id, command_name, setting_type) VALUES ('8', 'cmd_room_item', '0');
INSERT INTO permission_group_commands (group_id, command_name, setting_type) VALUES ('8', 'cmd_room_kick', '0');
INSERT INTO permission_group_commands (group_id, command_name, setting_type) VALUES ('8', 'cmd_room_mute', '0');
INSERT INTO permission_group_commands (group_id, command_name, setting_type) VALUES ('8', 'cmd_room_points', '0');
INSERT INTO permission_group_commands (group_id, command_name, setting_type) VALUES ('8', 'cmd_say', '1');
INSERT INTO permission_group_commands (group_id, command_name, setting_type) VALUES ('8', 'cmd_say_all', '0');
INSERT INTO permission_group_commands (group_id, command_name, setting_type) VALUES ('8', 'cmd_set_max', '0');
INSERT INTO permission_group_commands (group_id, command_name, setting_type) VALUES ('8', 'cmd_set_poll', '0');
INSERT INTO permission_group_commands (group_id, command_name, setting_type) VALUES ('8', 'cmd_set_speed', '0');
INSERT INTO permission_group_commands (group_id, command_name, setting_type) VALUES ('8', 'cmd_shout', '1');
INSERT INTO permission_group_commands (group_id, command_name, setting_type) VALUES ('8', 'cmd_shout_all', '0');
INSERT INTO permission_group_commands (group_id, command_name, setting_type) VALUES ('8', 'cmd_shutdown', '0');
INSERT INTO permission_group_commands (group_id, command_name, setting_type) VALUES ('8', 'cmd_sitdown', '1');
INSERT INTO permission_group_commands (group_id, command_name, setting_type) VALUES ('8', 'cmd_soft_kick', '0');
INSERT INTO permission_group_commands (group_id, command_name, setting_type) VALUES ('8', 'cmd_staff_alert', '0');
INSERT INTO permission_group_commands (group_id, command_name, setting_type) VALUES ('8', 'cmd_staff_online', '1');
INSERT INTO permission_group_commands (group_id, command_name, setting_type) VALUES ('8', 'cmd_staff_summon', '0');
INSERT INTO permission_group_commands (group_id, command_name, setting_type) VALUES ('8', 'cmd_stalk', '0');
INSERT INTO permission_group_commands (group_id, command_name, setting_type) VALUES ('8', 'cmd_subscription', '0');
INSERT INTO permission_group_commands (group_id, command_name, setting_type) VALUES ('8', 'cmd_summon', '0');
INSERT INTO permission_group_commands (group_id, command_name, setting_type) VALUES ('8', 'cmd_super_ban', '0');
INSERT INTO permission_group_commands (group_id, command_name, setting_type) VALUES ('8', 'cmd_super_pull', '0');
INSERT INTO permission_group_commands (group_id, command_name, setting_type) VALUES ('8', 'cmd_take_badge', '0');
INSERT INTO permission_group_commands (group_id, command_name, setting_type) VALUES ('8', 'cmd_talk', '0');
INSERT INTO permission_group_commands (group_id, command_name, setting_type) VALUES ('8', 'cmd_teleport', '0');
INSERT INTO permission_group_commands (group_id, command_name, setting_type) VALUES ('8', 'cmd_transform', '0');
INSERT INTO permission_group_commands (group_id, command_name, setting_type) VALUES ('8', 'cmd_unban', '0');
INSERT INTO permission_group_commands (group_id, command_name, setting_type) VALUES ('8', 'cmd_unload', '0');
INSERT INTO permission_group_commands (group_id, command_name, setting_type) VALUES ('8', 'cmd_unmute', '0');
INSERT INTO permission_group_commands (group_id, command_name, setting_type) VALUES ('8', 'cmd_update_achievements', '0');
INSERT INTO permission_group_commands (group_id, command_name, setting_type) VALUES ('8', 'cmd_update_bots', '0');
INSERT INTO permission_group_commands (group_id, command_name, setting_type) VALUES ('8', 'cmd_update_catalogue', '0');
INSERT INTO permission_group_commands (group_id, command_name, setting_type) VALUES ('8', 'cmd_update_config', '0');
INSERT INTO permission_group_commands (group_id, command_name, setting_type) VALUES ('8', 'cmd_update_guildparts', '0');
INSERT INTO permission_group_commands (group_id, command_name, setting_type) VALUES ('8', 'cmd_update_hotel_view', '0');
INSERT INTO permission_group_commands (group_id, command_name, setting_type) VALUES ('8', 'cmd_update_items', '0');
INSERT INTO permission_group_commands (group_id, command_name, setting_type) VALUES ('8', 'cmd_update_navigator', '0');
INSERT INTO permission_group_commands (group_id, command_name, setting_type) VALUES ('8', 'cmd_update_permissions', '0');
INSERT INTO permission_group_commands (group_id, command_name, setting_type) VALUES ('8', 'cmd_update_pet_data', '0');
INSERT INTO permission_group_commands (group_id, command_name, setting_type) VALUES ('8', 'cmd_update_plugins', '0');
INSERT INTO permission_group_commands (group_id, command_name, setting_type) VALUES ('8', 'cmd_update_polls', '0');
INSERT INTO permission_group_commands (group_id, command_name, setting_type) VALUES ('8', 'cmd_update_texts', '0');
INSERT INTO permission_group_commands (group_id, command_name, setting_type) VALUES ('8', 'cmd_update_wordfilter', '0');
INSERT INTO permission_group_commands (group_id, command_name, setting_type) VALUES ('8', 'cmd_user_info', '0');
INSERT INTO permission_group_commands (group_id, command_name, setting_type) VALUES ('8', 'cmd_word_quiz', '0');
INSERT INTO permission_group_rights (group_id, right_name, setting_type) VALUES ('8', 'acc_ads_background', '0');
INSERT INTO permission_group_rights (group_id, right_name, setting_type) VALUES ('8', 'acc_ambassador', '0');
INSERT INTO permission_group_rights (group_id, right_name, setting_type) VALUES ('8', 'acc_anychatcolor', '0');
INSERT INTO permission_group_rights (group_id, right_name, setting_type) VALUES ('8', 'acc_anyroomowner', '0');
INSERT INTO permission_group_rights (group_id, right_name, setting_type) VALUES ('8', 'acc_calendar_force', '1');
INSERT INTO permission_group_rights (group_id, right_name, setting_type) VALUES ('8', 'acc_camera', '0');
INSERT INTO permission_group_rights (group_id, right_name, setting_type) VALUES ('8', 'acc_can_stalk', '0');
INSERT INTO permission_group_rights (group_id, right_name, setting_type) VALUES ('8', 'acc_catalog_ids', '0');
INSERT INTO permission_group_rights (group_id, right_name, setting_type) VALUES ('8', 'acc_chat_no_filter', '0');
INSERT INTO permission_group_rights (group_id, right_name, setting_type) VALUES ('8', 'acc_chat_no_flood', '0');
INSERT INTO permission_group_rights (group_id, right_name, setting_type) VALUES ('8', 'acc_chat_no_limit', '0');
INSERT INTO permission_group_rights (group_id, right_name, setting_type) VALUES ('8', 'acc_empty_others', '0');
INSERT INTO permission_group_rights (group_id, right_name, setting_type) VALUES ('8', 'acc_enable_others', '0');
INSERT INTO permission_group_rights (group_id, right_name, setting_type) VALUES ('8', 'acc_enteranyroom', '0');
INSERT INTO permission_group_rights (group_id, right_name, setting_type) VALUES ('8', 'acc_floorplan_editor', '0');
INSERT INTO permission_group_rights (group_id, right_name, setting_type) VALUES ('8', 'acc_fullrooms', '0');
INSERT INTO permission_group_rights (group_id, right_name, setting_type) VALUES ('8', 'acc_guildgate', '0');
INSERT INTO permission_group_rights (group_id, right_name, setting_type) VALUES ('8', 'acc_guild_admin', '0');
INSERT INTO permission_group_rights (group_id, right_name, setting_type) VALUES ('8', 'acc_helper_give_guide_tours', '0');
INSERT INTO permission_group_rights (group_id, right_name, setting_type) VALUES ('8', 'acc_helper_judge_chat_reviews', '0');
INSERT INTO permission_group_rights (group_id, right_name, setting_type) VALUES ('8', 'acc_helper_use_guide_tool', '1');
INSERT INTO permission_group_rights (group_id, right_name, setting_type) VALUES ('8', 'acc_hide_ip', '1');
INSERT INTO permission_group_rights (group_id, right_name, setting_type) VALUES ('8', 'acc_hide_mail', '1');
INSERT INTO permission_group_rights (group_id, right_name, setting_type) VALUES ('8', 'acc_infinite_credits', '0');
INSERT INTO permission_group_rights (group_id, right_name, setting_type) VALUES ('8', 'acc_infinite_friends', '0');
INSERT INTO permission_group_rights (group_id, right_name, setting_type) VALUES ('8', 'acc_infinite_pixels', '0');
INSERT INTO permission_group_rights (group_id, right_name, setting_type) VALUES ('8', 'acc_infinite_points', '0');
INSERT INTO permission_group_rights (group_id, right_name, setting_type) VALUES ('8', 'acc_mimic_unredeemed', '0');
INSERT INTO permission_group_rights (group_id, right_name, setting_type) VALUES ('8', 'acc_modtool_room_info', '0');
INSERT INTO permission_group_rights (group_id, right_name, setting_type) VALUES ('8', 'acc_modtool_room_logs', '0');
INSERT INTO permission_group_rights (group_id, right_name, setting_type) VALUES ('8', 'acc_modtool_ticket_q', '0');
INSERT INTO permission_group_rights (group_id, right_name, setting_type) VALUES ('8', 'acc_modtool_user_alert', '0');
INSERT INTO permission_group_rights (group_id, right_name, setting_type) VALUES ('8', 'acc_modtool_user_ban', '0');
INSERT INTO permission_group_rights (group_id, right_name, setting_type) VALUES ('8', 'acc_modtool_user_logs', '0');
INSERT INTO permission_group_rights (group_id, right_name, setting_type) VALUES ('8', 'acc_moverotate', '0');
INSERT INTO permission_group_rights (group_id, right_name, setting_type) VALUES ('8', 'acc_nomute', '0');
INSERT INTO permission_group_rights (group_id, right_name, setting_type) VALUES ('8', 'acc_not_mimiced', '0');
INSERT INTO permission_group_rights (group_id, right_name, setting_type) VALUES ('8', 'acc_no_mute', '0');
INSERT INTO permission_group_rights (group_id, right_name, setting_type) VALUES ('8', 'acc_placefurni', '0');
INSERT INTO permission_group_rights (group_id, right_name, setting_type) VALUES ('8', 'acc_see_tentchat', '0');
INSERT INTO permission_group_rights (group_id, right_name, setting_type) VALUES ('8', 'acc_see_whispers', '0');
INSERT INTO permission_group_rights (group_id, right_name, setting_type) VALUES ('8', 'acc_staff_pick', '0');
INSERT INTO permission_group_rights (group_id, right_name, setting_type) VALUES ('8', 'acc_superwired', '0');
INSERT INTO permission_group_rights (group_id, right_name, setting_type) VALUES ('8', 'acc_supporttool', '0');
INSERT INTO permission_group_rights (group_id, right_name, setting_type) VALUES ('8', 'acc_trade_anywhere', '0');
INSERT INTO permission_group_rights (group_id, right_name, setting_type) VALUES ('8', 'acc_unkickable', '0');
INSERT INTO permission_group_rights (group_id, right_name, setting_type) VALUES ('8', 'acc_unlimited_bots', '0');
INSERT INTO permission_group_rights (group_id, right_name, setting_type) VALUES ('8', 'acc_unlimited_pets', '0');
-- legacy table
INSERT INTO permissions (id, rank_name, prefix, prefix_color) VALUES ('8', 'Member', '', '');


-- permission group VIP
INSERT INTO permission_groups (id, name, description, level, prefix, prefix_color, badge, room_effect, log_enabled) VALUES ('9', 'VIP', '', '2', '', '', '', '0', '0');
INSERT INTO permission_group_commands (group_id, command_name, setting_type) VALUES ('9', 'cmd_add_youtube_playlist', '0');
INSERT INTO permission_group_commands (group_id, command_name, setting_type) VALUES ('9', 'cmd_alert', '0');
INSERT INTO permission_group_commands (group_id, command_name, setting_type) VALUES ('9', 'cmd_allow_trading', '0');
INSERT INTO permission_group_commands (group_id, command_name, setting_type) VALUES ('9', 'cmd_badge', '0');
INSERT INTO permission_group_commands (group_id, command_name, setting_type) VALUES ('9', 'cmd_ban', '0');
INSERT INTO permission_group_commands (group_id, command_name, setting_type) VALUES ('9', 'cmd_block_alert', '0');
INSERT INTO permission_group_commands (group_id, command_name, setting_type) VALUES ('9', 'cmd_bots', '0');
INSERT INTO permission_group_commands (group_id, command_name, setting_type) VALUES ('9', 'cmd_bundle', '0');
INSERT INTO permission_group_commands (group_id, command_name, setting_type) VALUES ('9', 'cmd_calendar', '0');
INSERT INTO permission_group_commands (group_id, command_name, setting_type) VALUES ('9', 'cmd_changename', '0');
INSERT INTO permission_group_commands (group_id, command_name, setting_type) VALUES ('9', 'cmd_chatcolor', '0');
INSERT INTO permission_group_commands (group_id, command_name, setting_type) VALUES ('9', 'cmd_control', '0');
INSERT INTO permission_group_commands (group_id, command_name, setting_type) VALUES ('9', 'cmd_coords', '0');
INSERT INTO permission_group_commands (group_id, command_name, setting_type) VALUES ('9', 'cmd_credits', '0');
INSERT INTO permission_group_commands (group_id, command_name, setting_type) VALUES ('9', 'cmd_diagonal', '0');
INSERT INTO permission_group_commands (group_id, command_name, setting_type) VALUES ('9', 'cmd_disconnect', '1');
INSERT INTO permission_group_commands (group_id, command_name, setting_type) VALUES ('9', 'cmd_duckets', '0');
INSERT INTO permission_group_commands (group_id, command_name, setting_type) VALUES ('9', 'cmd_ejectall', '1');
INSERT INTO permission_group_commands (group_id, command_name, setting_type) VALUES ('9', 'cmd_empty', '0');
INSERT INTO permission_group_commands (group_id, command_name, setting_type) VALUES ('9', 'cmd_empty_bots', '0');
INSERT INTO permission_group_commands (group_id, command_name, setting_type) VALUES ('9', 'cmd_empty_pets', '0');
INSERT INTO permission_group_commands (group_id, command_name, setting_type) VALUES ('9', 'cmd_enable', '0');
INSERT INTO permission_group_commands (group_id, command_name, setting_type) VALUES ('9', 'cmd_event', '0');
INSERT INTO permission_group_commands (group_id, command_name, setting_type) VALUES ('9', 'cmd_faceless', '0');
INSERT INTO permission_group_commands (group_id, command_name, setting_type) VALUES ('9', 'cmd_fastwalk', '0');
INSERT INTO permission_group_commands (group_id, command_name, setting_type) VALUES ('9', 'cmd_filterword', '0');
INSERT INTO permission_group_commands (group_id, command_name, setting_type) VALUES ('9', 'cmd_freeze', '0');
INSERT INTO permission_group_commands (group_id, command_name, setting_type) VALUES ('9', 'cmd_freeze_bots', '0');
INSERT INTO permission_group_commands (group_id, command_name, setting_type) VALUES ('9', 'cmd_gift', '0');
INSERT INTO permission_group_commands (group_id, command_name, setting_type) VALUES ('9', 'cmd_give_rank', '0');
INSERT INTO permission_group_commands (group_id, command_name, setting_type) VALUES ('9', 'cmd_ha', '0');
INSERT INTO permission_group_commands (group_id, command_name, setting_type) VALUES ('9', 'cmd_hal', '0');
INSERT INTO permission_group_commands (group_id, command_name, setting_type) VALUES ('9', 'cmd_hand_item', '0');
INSERT INTO permission_group_commands (group_id, command_name, setting_type) VALUES ('9', 'cmd_happy_hour', '0');
INSERT INTO permission_group_commands (group_id, command_name, setting_type) VALUES ('9', 'cmd_hide_wired', '0');
INSERT INTO permission_group_commands (group_id, command_name, setting_type) VALUES ('9', 'cmd_invisible', '0');
INSERT INTO permission_group_commands (group_id, command_name, setting_type) VALUES ('9', 'cmd_ip_ban', '0');
INSERT INTO permission_group_commands (group_id, command_name, setting_type) VALUES ('9', 'cmd_machine_ban', '0');
INSERT INTO permission_group_commands (group_id, command_name, setting_type) VALUES ('9', 'cmd_mass_badge', '0');
INSERT INTO permission_group_commands (group_id, command_name, setting_type) VALUES ('9', 'cmd_mass_credits', '0');
INSERT INTO permission_group_commands (group_id, command_name, setting_type) VALUES ('9', 'cmd_mass_duckets', '0');
INSERT INTO permission_group_commands (group_id, command_name, setting_type) VALUES ('9', 'cmd_mass_gift', '0');
INSERT INTO permission_group_commands (group_id, command_name, setting_type) VALUES ('9', 'cmd_mass_points', '0');
INSERT INTO permission_group_commands (group_id, command_name, setting_type) VALUES ('9', 'cmd_mimic', '1');
INSERT INTO permission_group_commands (group_id, command_name, setting_type) VALUES ('9', 'cmd_moonwalk', '1');
INSERT INTO permission_group_commands (group_id, command_name, setting_type) VALUES ('9', 'cmd_multi', '0');
INSERT INTO permission_group_commands (group_id, command_name, setting_type) VALUES ('9', 'cmd_mute', '0');
INSERT INTO permission_group_commands (group_id, command_name, setting_type) VALUES ('9', 'cmd_pet_info', '1');
INSERT INTO permission_group_commands (group_id, command_name, setting_type) VALUES ('9', 'cmd_pick_all', '1');
INSERT INTO permission_group_commands (group_id, command_name, setting_type) VALUES ('9', 'cmd_points', '0');
INSERT INTO permission_group_commands (group_id, command_name, setting_type) VALUES ('9', 'cmd_promote_offer', '0');
INSERT INTO permission_group_commands (group_id, command_name, setting_type) VALUES ('9', 'cmd_pull', '0');
INSERT INTO permission_group_commands (group_id, command_name, setting_type) VALUES ('9', 'cmd_push', '0');
INSERT INTO permission_group_commands (group_id, command_name, setting_type) VALUES ('9', 'cmd_redeem', '1');
INSERT INTO permission_group_commands (group_id, command_name, setting_type) VALUES ('9', 'cmd_reload_room', '0');
INSERT INTO permission_group_commands (group_id, command_name, setting_type) VALUES ('9', 'cmd_required_custom', '0');
INSERT INTO permission_group_commands (group_id, command_name, setting_type) VALUES ('9', 'cmd_rights', '1');
INSERT INTO permission_group_commands (group_id, command_name, setting_type) VALUES ('9', 'cmd_room_alert', '0');
INSERT INTO permission_group_commands (group_id, command_name, setting_type) VALUES ('9', 'cmd_room_badge', '0');
INSERT INTO permission_group_commands (group_id, command_name, setting_type) VALUES ('9', 'cmd_room_credits', '0');
INSERT INTO permission_group_commands (group_id, command_name, setting_type) VALUES ('9', 'cmd_room_dance', '0');
INSERT INTO permission_group_commands (group_id, command_name, setting_type) VALUES ('9', 'cmd_room_duckets', '0');
INSERT INTO permission_group_commands (group_id, command_name, setting_type) VALUES ('9', 'cmd_room_effect', '0');
INSERT INTO permission_group_commands (group_id, command_name, setting_type) VALUES ('9', 'cmd_room_gift', '0');
INSERT INTO permission_group_commands (group_id, command_name, setting_type) VALUES ('9', 'cmd_room_item', '0');
INSERT INTO permission_group_commands (group_id, command_name, setting_type) VALUES ('9', 'cmd_room_kick', '0');
INSERT INTO permission_group_commands (group_id, command_name, setting_type) VALUES ('9', 'cmd_room_mute', '0');
INSERT INTO permission_group_commands (group_id, command_name, setting_type) VALUES ('9', 'cmd_room_points', '0');
INSERT INTO permission_group_commands (group_id, command_name, setting_type) VALUES ('9', 'cmd_say', '1');
INSERT INTO permission_group_commands (group_id, command_name, setting_type) VALUES ('9', 'cmd_say_all', '0');
INSERT INTO permission_group_commands (group_id, command_name, setting_type) VALUES ('9', 'cmd_set_max', '0');
INSERT INTO permission_group_commands (group_id, command_name, setting_type) VALUES ('9', 'cmd_set_poll', '0');
INSERT INTO permission_group_commands (group_id, command_name, setting_type) VALUES ('9', 'cmd_set_speed', '0');
INSERT INTO permission_group_commands (group_id, command_name, setting_type) VALUES ('9', 'cmd_shout', '1');
INSERT INTO permission_group_commands (group_id, command_name, setting_type) VALUES ('9', 'cmd_shout_all', '0');
INSERT INTO permission_group_commands (group_id, command_name, setting_type) VALUES ('9', 'cmd_shutdown', '0');
INSERT INTO permission_group_commands (group_id, command_name, setting_type) VALUES ('9', 'cmd_sitdown', '1');
INSERT INTO permission_group_commands (group_id, command_name, setting_type) VALUES ('9', 'cmd_soft_kick', '0');
INSERT INTO permission_group_commands (group_id, command_name, setting_type) VALUES ('9', 'cmd_staff_alert', '0');
INSERT INTO permission_group_commands (group_id, command_name, setting_type) VALUES ('9', 'cmd_staff_online', '1');
INSERT INTO permission_group_commands (group_id, command_name, setting_type) VALUES ('9', 'cmd_staff_summon', '0');
INSERT INTO permission_group_commands (group_id, command_name, setting_type) VALUES ('9', 'cmd_stalk', '1');
INSERT INTO permission_group_commands (group_id, command_name, setting_type) VALUES ('9', 'cmd_subscription', '0');
INSERT INTO permission_group_commands (group_id, command_name, setting_type) VALUES ('9', 'cmd_summon', '0');
INSERT INTO permission_group_commands (group_id, command_name, setting_type) VALUES ('9', 'cmd_super_ban', '0');
INSERT INTO permission_group_commands (group_id, command_name, setting_type) VALUES ('9', 'cmd_super_pull', '0');
INSERT INTO permission_group_commands (group_id, command_name, setting_type) VALUES ('9', 'cmd_take_badge', '0');
INSERT INTO permission_group_commands (group_id, command_name, setting_type) VALUES ('9', 'cmd_talk', '0');
INSERT INTO permission_group_commands (group_id, command_name, setting_type) VALUES ('9', 'cmd_teleport', '0');
INSERT INTO permission_group_commands (group_id, command_name, setting_type) VALUES ('9', 'cmd_transform', '0');
INSERT INTO permission_group_commands (group_id, command_name, setting_type) VALUES ('9', 'cmd_unban', '0');
INSERT INTO permission_group_commands (group_id, command_name, setting_type) VALUES ('9', 'cmd_unload', '0');
INSERT INTO permission_group_commands (group_id, command_name, setting_type) VALUES ('9', 'cmd_unmute', '0');
INSERT INTO permission_group_commands (group_id, command_name, setting_type) VALUES ('9', 'cmd_update_achievements', '0');
INSERT INTO permission_group_commands (group_id, command_name, setting_type) VALUES ('9', 'cmd_update_bots', '0');
INSERT INTO permission_group_commands (group_id, command_name, setting_type) VALUES ('9', 'cmd_update_catalogue', '0');
INSERT INTO permission_group_commands (group_id, command_name, setting_type) VALUES ('9', 'cmd_update_config', '0');
INSERT INTO permission_group_commands (group_id, command_name, setting_type) VALUES ('9', 'cmd_update_guildparts', '0');
INSERT INTO permission_group_commands (group_id, command_name, setting_type) VALUES ('9', 'cmd_update_hotel_view', '0');
INSERT INTO permission_group_commands (group_id, command_name, setting_type) VALUES ('9', 'cmd_update_items', '0');
INSERT INTO permission_group_commands (group_id, command_name, setting_type) VALUES ('9', 'cmd_update_navigator', '0');
INSERT INTO permission_group_commands (group_id, command_name, setting_type) VALUES ('9', 'cmd_update_permissions', '0');
INSERT INTO permission_group_commands (group_id, command_name, setting_type) VALUES ('9', 'cmd_update_pet_data', '0');
INSERT INTO permission_group_commands (group_id, command_name, setting_type) VALUES ('9', 'cmd_update_plugins', '0');
INSERT INTO permission_group_commands (group_id, command_name, setting_type) VALUES ('9', 'cmd_update_polls', '0');
INSERT INTO permission_group_commands (group_id, command_name, setting_type) VALUES ('9', 'cmd_update_texts', '0');
INSERT INTO permission_group_commands (group_id, command_name, setting_type) VALUES ('9', 'cmd_update_wordfilter', '0');
INSERT INTO permission_group_commands (group_id, command_name, setting_type) VALUES ('9', 'cmd_user_info', '0');
INSERT INTO permission_group_commands (group_id, command_name, setting_type) VALUES ('9', 'cmd_word_quiz', '0');
INSERT INTO permission_group_rights (group_id, right_name, setting_type) VALUES ('9', 'acc_ads_background', '0');
INSERT INTO permission_group_rights (group_id, right_name, setting_type) VALUES ('9', 'acc_ambassador', '0');
INSERT INTO permission_group_rights (group_id, right_name, setting_type) VALUES ('9', 'acc_anychatcolor', '0');
INSERT INTO permission_group_rights (group_id, right_name, setting_type) VALUES ('9', 'acc_anyroomowner', '0');
INSERT INTO permission_group_rights (group_id, right_name, setting_type) VALUES ('9', 'acc_calendar_force', '1');
INSERT INTO permission_group_rights (group_id, right_name, setting_type) VALUES ('9', 'acc_camera', '1');
INSERT INTO permission_group_rights (group_id, right_name, setting_type) VALUES ('9', 'acc_can_stalk', '0');
INSERT INTO permission_group_rights (group_id, right_name, setting_type) VALUES ('9', 'acc_catalog_ids', '0');
INSERT INTO permission_group_rights (group_id, right_name, setting_type) VALUES ('9', 'acc_chat_no_filter', '0');
INSERT INTO permission_group_rights (group_id, right_name, setting_type) VALUES ('9', 'acc_chat_no_flood', '0');
INSERT INTO permission_group_rights (group_id, right_name, setting_type) VALUES ('9', 'acc_chat_no_limit', '0');
INSERT INTO permission_group_rights (group_id, right_name, setting_type) VALUES ('9', 'acc_empty_others', '0');
INSERT INTO permission_group_rights (group_id, right_name, setting_type) VALUES ('9', 'acc_enable_others', '0');
INSERT INTO permission_group_rights (group_id, right_name, setting_type) VALUES ('9', 'acc_enteranyroom', '0');
INSERT INTO permission_group_rights (group_id, right_name, setting_type) VALUES ('9', 'acc_floorplan_editor', '0');
INSERT INTO permission_group_rights (group_id, right_name, setting_type) VALUES ('9', 'acc_fullrooms', '0');
INSERT INTO permission_group_rights (group_id, right_name, setting_type) VALUES ('9', 'acc_guildgate', '0');
INSERT INTO permission_group_rights (group_id, right_name, setting_type) VALUES ('9', 'acc_guild_admin', '0');
INSERT INTO permission_group_rights (group_id, right_name, setting_type) VALUES ('9', 'acc_helper_give_guide_tours', '1');
INSERT INTO permission_group_rights (group_id, right_name, setting_type) VALUES ('9', 'acc_helper_judge_chat_reviews', '0');
INSERT INTO permission_group_rights (group_id, right_name, setting_type) VALUES ('9', 'acc_helper_use_guide_tool', '1');
INSERT INTO permission_group_rights (group_id, right_name, setting_type) VALUES ('9', 'acc_hide_ip', '1');
INSERT INTO permission_group_rights (group_id, right_name, setting_type) VALUES ('9', 'acc_hide_mail', '1');
INSERT INTO permission_group_rights (group_id, right_name, setting_type) VALUES ('9', 'acc_infinite_credits', '0');
INSERT INTO permission_group_rights (group_id, right_name, setting_type) VALUES ('9', 'acc_infinite_friends', '0');
INSERT INTO permission_group_rights (group_id, right_name, setting_type) VALUES ('9', 'acc_infinite_pixels', '0');
INSERT INTO permission_group_rights (group_id, right_name, setting_type) VALUES ('9', 'acc_infinite_points', '0');
INSERT INTO permission_group_rights (group_id, right_name, setting_type) VALUES ('9', 'acc_mimic_unredeemed', '0');
INSERT INTO permission_group_rights (group_id, right_name, setting_type) VALUES ('9', 'acc_modtool_room_info', '0');
INSERT INTO permission_group_rights (group_id, right_name, setting_type) VALUES ('9', 'acc_modtool_room_logs', '0');
INSERT INTO permission_group_rights (group_id, right_name, setting_type) VALUES ('9', 'acc_modtool_ticket_q', '0');
INSERT INTO permission_group_rights (group_id, right_name, setting_type) VALUES ('9', 'acc_modtool_user_alert', '0');
INSERT INTO permission_group_rights (group_id, right_name, setting_type) VALUES ('9', 'acc_modtool_user_ban', '0');
INSERT INTO permission_group_rights (group_id, right_name, setting_type) VALUES ('9', 'acc_modtool_user_logs', '0');
INSERT INTO permission_group_rights (group_id, right_name, setting_type) VALUES ('9', 'acc_moverotate', '0');
INSERT INTO permission_group_rights (group_id, right_name, setting_type) VALUES ('9', 'acc_nomute', '0');
INSERT INTO permission_group_rights (group_id, right_name, setting_type) VALUES ('9', 'acc_not_mimiced', '0');
INSERT INTO permission_group_rights (group_id, right_name, setting_type) VALUES ('9', 'acc_no_mute', '0');
INSERT INTO permission_group_rights (group_id, right_name, setting_type) VALUES ('9', 'acc_placefurni', '0');
INSERT INTO permission_group_rights (group_id, right_name, setting_type) VALUES ('9', 'acc_see_tentchat', '0');
INSERT INTO permission_group_rights (group_id, right_name, setting_type) VALUES ('9', 'acc_see_whispers', '0');
INSERT INTO permission_group_rights (group_id, right_name, setting_type) VALUES ('9', 'acc_staff_pick', '0');
INSERT INTO permission_group_rights (group_id, right_name, setting_type) VALUES ('9', 'acc_superwired', '0');
INSERT INTO permission_group_rights (group_id, right_name, setting_type) VALUES ('9', 'acc_supporttool', '0');
INSERT INTO permission_group_rights (group_id, right_name, setting_type) VALUES ('9', 'acc_trade_anywhere', '0');
INSERT INTO permission_group_rights (group_id, right_name, setting_type) VALUES ('9', 'acc_unkickable', '0');
INSERT INTO permission_group_rights (group_id, right_name, setting_type) VALUES ('9', 'acc_unlimited_bots', '0');
INSERT INTO permission_group_rights (group_id, right_name, setting_type) VALUES ('9', 'acc_unlimited_pets', '0');
-- legacy table
INSERT INTO permissions (id, rank_name, prefix, prefix_color) VALUES ('9', 'VIP', '', '');


-- permission group Placeholder
INSERT INTO permission_groups (id, name, description, level, prefix, prefix_color, badge, room_effect, log_enabled) VALUES ('10', 'Placeholder', '', '3', '', '', '', '0', '0');
INSERT INTO permission_group_commands (group_id, command_name, setting_type) VALUES ('10', 'cmd_add_youtube_playlist', '0');
INSERT INTO permission_group_commands (group_id, command_name, setting_type) VALUES ('10', 'cmd_alert', '0');
INSERT INTO permission_group_commands (group_id, command_name, setting_type) VALUES ('10', 'cmd_allow_trading', '0');
INSERT INTO permission_group_commands (group_id, command_name, setting_type) VALUES ('10', 'cmd_badge', '0');
INSERT INTO permission_group_commands (group_id, command_name, setting_type) VALUES ('10', 'cmd_ban', '0');
INSERT INTO permission_group_commands (group_id, command_name, setting_type) VALUES ('10', 'cmd_block_alert', '0');
INSERT INTO permission_group_commands (group_id, command_name, setting_type) VALUES ('10', 'cmd_bots', '0');
INSERT INTO permission_group_commands (group_id, command_name, setting_type) VALUES ('10', 'cmd_bundle', '0');
INSERT INTO permission_group_commands (group_id, command_name, setting_type) VALUES ('10', 'cmd_calendar', '0');
INSERT INTO permission_group_commands (group_id, command_name, setting_type) VALUES ('10', 'cmd_changename', '0');
INSERT INTO permission_group_commands (group_id, command_name, setting_type) VALUES ('10', 'cmd_chatcolor', '0');
INSERT INTO permission_group_commands (group_id, command_name, setting_type) VALUES ('10', 'cmd_control', '0');
INSERT INTO permission_group_commands (group_id, command_name, setting_type) VALUES ('10', 'cmd_coords', '0');
INSERT INTO permission_group_commands (group_id, command_name, setting_type) VALUES ('10', 'cmd_credits', '0');
INSERT INTO permission_group_commands (group_id, command_name, setting_type) VALUES ('10', 'cmd_diagonal', '0');
INSERT INTO permission_group_commands (group_id, command_name, setting_type) VALUES ('10', 'cmd_disconnect', '1');
INSERT INTO permission_group_commands (group_id, command_name, setting_type) VALUES ('10', 'cmd_duckets', '0');
INSERT INTO permission_group_commands (group_id, command_name, setting_type) VALUES ('10', 'cmd_ejectall', '1');
INSERT INTO permission_group_commands (group_id, command_name, setting_type) VALUES ('10', 'cmd_empty', '0');
INSERT INTO permission_group_commands (group_id, command_name, setting_type) VALUES ('10', 'cmd_empty_bots', '0');
INSERT INTO permission_group_commands (group_id, command_name, setting_type) VALUES ('10', 'cmd_empty_pets', '0');
INSERT INTO permission_group_commands (group_id, command_name, setting_type) VALUES ('10', 'cmd_enable', '0');
INSERT INTO permission_group_commands (group_id, command_name, setting_type) VALUES ('10', 'cmd_event', '0');
INSERT INTO permission_group_commands (group_id, command_name, setting_type) VALUES ('10', 'cmd_faceless', '0');
INSERT INTO permission_group_commands (group_id, command_name, setting_type) VALUES ('10', 'cmd_fastwalk', '0');
INSERT INTO permission_group_commands (group_id, command_name, setting_type) VALUES ('10', 'cmd_filterword', '0');
INSERT INTO permission_group_commands (group_id, command_name, setting_type) VALUES ('10', 'cmd_freeze', '0');
INSERT INTO permission_group_commands (group_id, command_name, setting_type) VALUES ('10', 'cmd_freeze_bots', '0');
INSERT INTO permission_group_commands (group_id, command_name, setting_type) VALUES ('10', 'cmd_gift', '0');
INSERT INTO permission_group_commands (group_id, command_name, setting_type) VALUES ('10', 'cmd_give_rank', '0');
INSERT INTO permission_group_commands (group_id, command_name, setting_type) VALUES ('10', 'cmd_ha', '0');
INSERT INTO permission_group_commands (group_id, command_name, setting_type) VALUES ('10', 'cmd_hal', '0');
INSERT INTO permission_group_commands (group_id, command_name, setting_type) VALUES ('10', 'cmd_hand_item', '0');
INSERT INTO permission_group_commands (group_id, command_name, setting_type) VALUES ('10', 'cmd_happy_hour', '0');
INSERT INTO permission_group_commands (group_id, command_name, setting_type) VALUES ('10', 'cmd_hide_wired', '0');
INSERT INTO permission_group_commands (group_id, command_name, setting_type) VALUES ('10', 'cmd_invisible', '0');
INSERT INTO permission_group_commands (group_id, command_name, setting_type) VALUES ('10', 'cmd_ip_ban', '0');
INSERT INTO permission_group_commands (group_id, command_name, setting_type) VALUES ('10', 'cmd_machine_ban', '0');
INSERT INTO permission_group_commands (group_id, command_name, setting_type) VALUES ('10', 'cmd_mass_badge', '0');
INSERT INTO permission_group_commands (group_id, command_name, setting_type) VALUES ('10', 'cmd_mass_credits', '0');
INSERT INTO permission_group_commands (group_id, command_name, setting_type) VALUES ('10', 'cmd_mass_duckets', '0');
INSERT INTO permission_group_commands (group_id, command_name, setting_type) VALUES ('10', 'cmd_mass_gift', '0');
INSERT INTO permission_group_commands (group_id, command_name, setting_type) VALUES ('10', 'cmd_mass_points', '0');
INSERT INTO permission_group_commands (group_id, command_name, setting_type) VALUES ('10', 'cmd_mimic', '1');
INSERT INTO permission_group_commands (group_id, command_name, setting_type) VALUES ('10', 'cmd_moonwalk', '1');
INSERT INTO permission_group_commands (group_id, command_name, setting_type) VALUES ('10', 'cmd_multi', '0');
INSERT INTO permission_group_commands (group_id, command_name, setting_type) VALUES ('10', 'cmd_mute', '0');
INSERT INTO permission_group_commands (group_id, command_name, setting_type) VALUES ('10', 'cmd_pet_info', '1');
INSERT INTO permission_group_commands (group_id, command_name, setting_type) VALUES ('10', 'cmd_pick_all', '1');
INSERT INTO permission_group_commands (group_id, command_name, setting_type) VALUES ('10', 'cmd_points', '0');
INSERT INTO permission_group_commands (group_id, command_name, setting_type) VALUES ('10', 'cmd_promote_offer', '0');
INSERT INTO permission_group_commands (group_id, command_name, setting_type) VALUES ('10', 'cmd_pull', '0');
INSERT INTO permission_group_commands (group_id, command_name, setting_type) VALUES ('10', 'cmd_push', '0');
INSERT INTO permission_group_commands (group_id, command_name, setting_type) VALUES ('10', 'cmd_redeem', '1');
INSERT INTO permission_group_commands (group_id, command_name, setting_type) VALUES ('10', 'cmd_reload_room', '0');
INSERT INTO permission_group_commands (group_id, command_name, setting_type) VALUES ('10', 'cmd_required_custom', '0');
INSERT INTO permission_group_commands (group_id, command_name, setting_type) VALUES ('10', 'cmd_rights', '1');
INSERT INTO permission_group_commands (group_id, command_name, setting_type) VALUES ('10', 'cmd_room_alert', '0');
INSERT INTO permission_group_commands (group_id, command_name, setting_type) VALUES ('10', 'cmd_room_badge', '0');
INSERT INTO permission_group_commands (group_id, command_name, setting_type) VALUES ('10', 'cmd_room_credits', '0');
INSERT INTO permission_group_commands (group_id, command_name, setting_type) VALUES ('10', 'cmd_room_dance', '0');
INSERT INTO permission_group_commands (group_id, command_name, setting_type) VALUES ('10', 'cmd_room_duckets', '0');
INSERT INTO permission_group_commands (group_id, command_name, setting_type) VALUES ('10', 'cmd_room_effect', '0');
INSERT INTO permission_group_commands (group_id, command_name, setting_type) VALUES ('10', 'cmd_room_gift', '0');
INSERT INTO permission_group_commands (group_id, command_name, setting_type) VALUES ('10', 'cmd_room_item', '0');
INSERT INTO permission_group_commands (group_id, command_name, setting_type) VALUES ('10', 'cmd_room_kick', '0');
INSERT INTO permission_group_commands (group_id, command_name, setting_type) VALUES ('10', 'cmd_room_mute', '0');
INSERT INTO permission_group_commands (group_id, command_name, setting_type) VALUES ('10', 'cmd_room_points', '0');
INSERT INTO permission_group_commands (group_id, command_name, setting_type) VALUES ('10', 'cmd_say', '1');
INSERT INTO permission_group_commands (group_id, command_name, setting_type) VALUES ('10', 'cmd_say_all', '0');
INSERT INTO permission_group_commands (group_id, command_name, setting_type) VALUES ('10', 'cmd_set_max', '0');
INSERT INTO permission_group_commands (group_id, command_name, setting_type) VALUES ('10', 'cmd_set_poll', '0');
INSERT INTO permission_group_commands (group_id, command_name, setting_type) VALUES ('10', 'cmd_set_speed', '0');
INSERT INTO permission_group_commands (group_id, command_name, setting_type) VALUES ('10', 'cmd_shout', '1');
INSERT INTO permission_group_commands (group_id, command_name, setting_type) VALUES ('10', 'cmd_shout_all', '0');
INSERT INTO permission_group_commands (group_id, command_name, setting_type) VALUES ('10', 'cmd_shutdown', '0');
INSERT INTO permission_group_commands (group_id, command_name, setting_type) VALUES ('10', 'cmd_sitdown', '1');
INSERT INTO permission_group_commands (group_id, command_name, setting_type) VALUES ('10', 'cmd_soft_kick', '0');
INSERT INTO permission_group_commands (group_id, command_name, setting_type) VALUES ('10', 'cmd_staff_alert', '0');
INSERT INTO permission_group_commands (group_id, command_name, setting_type) VALUES ('10', 'cmd_staff_online', '1');
INSERT INTO permission_group_commands (group_id, command_name, setting_type) VALUES ('10', 'cmd_staff_summon', '0');
INSERT INTO permission_group_commands (group_id, command_name, setting_type) VALUES ('10', 'cmd_stalk', '1');
INSERT INTO permission_group_commands (group_id, command_name, setting_type) VALUES ('10', 'cmd_subscription', '0');
INSERT INTO permission_group_commands (group_id, command_name, setting_type) VALUES ('10', 'cmd_summon', '0');
INSERT INTO permission_group_commands (group_id, command_name, setting_type) VALUES ('10', 'cmd_super_ban', '0');
INSERT INTO permission_group_commands (group_id, command_name, setting_type) VALUES ('10', 'cmd_super_pull', '0');
INSERT INTO permission_group_commands (group_id, command_name, setting_type) VALUES ('10', 'cmd_take_badge', '0');
INSERT INTO permission_group_commands (group_id, command_name, setting_type) VALUES ('10', 'cmd_talk', '0');
INSERT INTO permission_group_commands (group_id, command_name, setting_type) VALUES ('10', 'cmd_teleport', '0');
INSERT INTO permission_group_commands (group_id, command_name, setting_type) VALUES ('10', 'cmd_transform', '0');
INSERT INTO permission_group_commands (group_id, command_name, setting_type) VALUES ('10', 'cmd_unban', '0');
INSERT INTO permission_group_commands (group_id, command_name, setting_type) VALUES ('10', 'cmd_unload', '0');
INSERT INTO permission_group_commands (group_id, command_name, setting_type) VALUES ('10', 'cmd_unmute', '0');
INSERT INTO permission_group_commands (group_id, command_name, setting_type) VALUES ('10', 'cmd_update_achievements', '0');
INSERT INTO permission_group_commands (group_id, command_name, setting_type) VALUES ('10', 'cmd_update_bots', '0');
INSERT INTO permission_group_commands (group_id, command_name, setting_type) VALUES ('10', 'cmd_update_catalogue', '0');
INSERT INTO permission_group_commands (group_id, command_name, setting_type) VALUES ('10', 'cmd_update_config', '0');
INSERT INTO permission_group_commands (group_id, command_name, setting_type) VALUES ('10', 'cmd_update_guildparts', '0');
INSERT INTO permission_group_commands (group_id, command_name, setting_type) VALUES ('10', 'cmd_update_hotel_view', '0');
INSERT INTO permission_group_commands (group_id, command_name, setting_type) VALUES ('10', 'cmd_update_items', '0');
INSERT INTO permission_group_commands (group_id, command_name, setting_type) VALUES ('10', 'cmd_update_navigator', '0');
INSERT INTO permission_group_commands (group_id, command_name, setting_type) VALUES ('10', 'cmd_update_permissions', '0');
INSERT INTO permission_group_commands (group_id, command_name, setting_type) VALUES ('10', 'cmd_update_pet_data', '0');
INSERT INTO permission_group_commands (group_id, command_name, setting_type) VALUES ('10', 'cmd_update_plugins', '0');
INSERT INTO permission_group_commands (group_id, command_name, setting_type) VALUES ('10', 'cmd_update_polls', '0');
INSERT INTO permission_group_commands (group_id, command_name, setting_type) VALUES ('10', 'cmd_update_texts', '0');
INSERT INTO permission_group_commands (group_id, command_name, setting_type) VALUES ('10', 'cmd_update_wordfilter', '0');
INSERT INTO permission_group_commands (group_id, command_name, setting_type) VALUES ('10', 'cmd_user_info', '0');
INSERT INTO permission_group_commands (group_id, command_name, setting_type) VALUES ('10', 'cmd_word_quiz', '0');
INSERT INTO permission_group_rights (group_id, right_name, setting_type) VALUES ('10', 'acc_ads_background', '0');
INSERT INTO permission_group_rights (group_id, right_name, setting_type) VALUES ('10', 'acc_ambassador', '0');
INSERT INTO permission_group_rights (group_id, right_name, setting_type) VALUES ('10', 'acc_anychatcolor', '0');
INSERT INTO permission_group_rights (group_id, right_name, setting_type) VALUES ('10', 'acc_anyroomowner', '0');
INSERT INTO permission_group_rights (group_id, right_name, setting_type) VALUES ('10', 'acc_calendar_force', '1');
INSERT INTO permission_group_rights (group_id, right_name, setting_type) VALUES ('10', 'acc_camera', '1');
INSERT INTO permission_group_rights (group_id, right_name, setting_type) VALUES ('10', 'acc_can_stalk', '0');
INSERT INTO permission_group_rights (group_id, right_name, setting_type) VALUES ('10', 'acc_catalog_ids', '0');
INSERT INTO permission_group_rights (group_id, right_name, setting_type) VALUES ('10', 'acc_chat_no_filter', '0');
INSERT INTO permission_group_rights (group_id, right_name, setting_type) VALUES ('10', 'acc_chat_no_flood', '0');
INSERT INTO permission_group_rights (group_id, right_name, setting_type) VALUES ('10', 'acc_chat_no_limit', '0');
INSERT INTO permission_group_rights (group_id, right_name, setting_type) VALUES ('10', 'acc_empty_others', '0');
INSERT INTO permission_group_rights (group_id, right_name, setting_type) VALUES ('10', 'acc_enable_others', '0');
INSERT INTO permission_group_rights (group_id, right_name, setting_type) VALUES ('10', 'acc_enteranyroom', '0');
INSERT INTO permission_group_rights (group_id, right_name, setting_type) VALUES ('10', 'acc_floorplan_editor', '0');
INSERT INTO permission_group_rights (group_id, right_name, setting_type) VALUES ('10', 'acc_fullrooms', '0');
INSERT INTO permission_group_rights (group_id, right_name, setting_type) VALUES ('10', 'acc_guildgate', '0');
INSERT INTO permission_group_rights (group_id, right_name, setting_type) VALUES ('10', 'acc_guild_admin', '0');
INSERT INTO permission_group_rights (group_id, right_name, setting_type) VALUES ('10', 'acc_helper_give_guide_tours', '1');
INSERT INTO permission_group_rights (group_id, right_name, setting_type) VALUES ('10', 'acc_helper_judge_chat_reviews', '0');
INSERT INTO permission_group_rights (group_id, right_name, setting_type) VALUES ('10', 'acc_helper_use_guide_tool', '1');
INSERT INTO permission_group_rights (group_id, right_name, setting_type) VALUES ('10', 'acc_hide_ip', '1');
INSERT INTO permission_group_rights (group_id, right_name, setting_type) VALUES ('10', 'acc_hide_mail', '1');
INSERT INTO permission_group_rights (group_id, right_name, setting_type) VALUES ('10', 'acc_infinite_credits', '0');
INSERT INTO permission_group_rights (group_id, right_name, setting_type) VALUES ('10', 'acc_infinite_friends', '0');
INSERT INTO permission_group_rights (group_id, right_name, setting_type) VALUES ('10', 'acc_infinite_pixels', '0');
INSERT INTO permission_group_rights (group_id, right_name, setting_type) VALUES ('10', 'acc_infinite_points', '0');
INSERT INTO permission_group_rights (group_id, right_name, setting_type) VALUES ('10', 'acc_mimic_unredeemed', '0');
INSERT INTO permission_group_rights (group_id, right_name, setting_type) VALUES ('10', 'acc_modtool_room_info', '0');
INSERT INTO permission_group_rights (group_id, right_name, setting_type) VALUES ('10', 'acc_modtool_room_logs', '0');
INSERT INTO permission_group_rights (group_id, right_name, setting_type) VALUES ('10', 'acc_modtool_ticket_q', '0');
INSERT INTO permission_group_rights (group_id, right_name, setting_type) VALUES ('10', 'acc_modtool_user_alert', '0');
INSERT INTO permission_group_rights (group_id, right_name, setting_type) VALUES ('10', 'acc_modtool_user_ban', '0');
INSERT INTO permission_group_rights (group_id, right_name, setting_type) VALUES ('10', 'acc_modtool_user_logs', '0');
INSERT INTO permission_group_rights (group_id, right_name, setting_type) VALUES ('10', 'acc_moverotate', '0');
INSERT INTO permission_group_rights (group_id, right_name, setting_type) VALUES ('10', 'acc_nomute', '0');
INSERT INTO permission_group_rights (group_id, right_name, setting_type) VALUES ('10', 'acc_not_mimiced', '0');
INSERT INTO permission_group_rights (group_id, right_name, setting_type) VALUES ('10', 'acc_no_mute', '0');
INSERT INTO permission_group_rights (group_id, right_name, setting_type) VALUES ('10', 'acc_placefurni', '0');
INSERT INTO permission_group_rights (group_id, right_name, setting_type) VALUES ('10', 'acc_see_tentchat', '0');
INSERT INTO permission_group_rights (group_id, right_name, setting_type) VALUES ('10', 'acc_see_whispers', '0');
INSERT INTO permission_group_rights (group_id, right_name, setting_type) VALUES ('10', 'acc_staff_pick', '0');
INSERT INTO permission_group_rights (group_id, right_name, setting_type) VALUES ('10', 'acc_superwired', '0');
INSERT INTO permission_group_rights (group_id, right_name, setting_type) VALUES ('10', 'acc_supporttool', '0');
INSERT INTO permission_group_rights (group_id, right_name, setting_type) VALUES ('10', 'acc_trade_anywhere', '0');
INSERT INTO permission_group_rights (group_id, right_name, setting_type) VALUES ('10', 'acc_unkickable', '0');
INSERT INTO permission_group_rights (group_id, right_name, setting_type) VALUES ('10', 'acc_unlimited_bots', '0');
INSERT INTO permission_group_rights (group_id, right_name, setting_type) VALUES ('10', 'acc_unlimited_pets', '0');
-- legacy table
INSERT INTO permissions (id, rank_name, prefix, prefix_color) VALUES ('10', 'Placeholder', '', '');


-- permission group Support
INSERT INTO permission_groups (id, name, description, level, prefix, prefix_color, badge, room_effect, log_enabled) VALUES ('11', 'Support', '', '4', 'SUP', '', '', '0', '0');
INSERT INTO permission_group_commands (group_id, command_name, setting_type) VALUES ('11', 'cmd_add_youtube_playlist', '0');
INSERT INTO permission_group_commands (group_id, command_name, setting_type) VALUES ('11', 'cmd_alert', '1');
INSERT INTO permission_group_commands (group_id, command_name, setting_type) VALUES ('11', 'cmd_allow_trading', '1');
INSERT INTO permission_group_commands (group_id, command_name, setting_type) VALUES ('11', 'cmd_badge', '0');
INSERT INTO permission_group_commands (group_id, command_name, setting_type) VALUES ('11', 'cmd_ban', '0');
INSERT INTO permission_group_commands (group_id, command_name, setting_type) VALUES ('11', 'cmd_block_alert', '1');
INSERT INTO permission_group_commands (group_id, command_name, setting_type) VALUES ('11', 'cmd_bots', '0');
INSERT INTO permission_group_commands (group_id, command_name, setting_type) VALUES ('11', 'cmd_bundle', '0');
INSERT INTO permission_group_commands (group_id, command_name, setting_type) VALUES ('11', 'cmd_calendar', '1');
INSERT INTO permission_group_commands (group_id, command_name, setting_type) VALUES ('11', 'cmd_changename', '1');
INSERT INTO permission_group_commands (group_id, command_name, setting_type) VALUES ('11', 'cmd_chatcolor', '1');
INSERT INTO permission_group_commands (group_id, command_name, setting_type) VALUES ('11', 'cmd_control', '0');
INSERT INTO permission_group_commands (group_id, command_name, setting_type) VALUES ('11', 'cmd_coords', '1');
INSERT INTO permission_group_commands (group_id, command_name, setting_type) VALUES ('11', 'cmd_credits', '0');
INSERT INTO permission_group_commands (group_id, command_name, setting_type) VALUES ('11', 'cmd_diagonal', '0');
INSERT INTO permission_group_commands (group_id, command_name, setting_type) VALUES ('11', 'cmd_disconnect', '1');
INSERT INTO permission_group_commands (group_id, command_name, setting_type) VALUES ('11', 'cmd_duckets', '0');
INSERT INTO permission_group_commands (group_id, command_name, setting_type) VALUES ('11', 'cmd_ejectall', '1');
INSERT INTO permission_group_commands (group_id, command_name, setting_type) VALUES ('11', 'cmd_empty', '0');
INSERT INTO permission_group_commands (group_id, command_name, setting_type) VALUES ('11', 'cmd_empty_bots', '0');
INSERT INTO permission_group_commands (group_id, command_name, setting_type) VALUES ('11', 'cmd_empty_pets', '0');
INSERT INTO permission_group_commands (group_id, command_name, setting_type) VALUES ('11', 'cmd_enable', '1');
INSERT INTO permission_group_commands (group_id, command_name, setting_type) VALUES ('11', 'cmd_event', '0');
INSERT INTO permission_group_commands (group_id, command_name, setting_type) VALUES ('11', 'cmd_faceless', '0');
INSERT INTO permission_group_commands (group_id, command_name, setting_type) VALUES ('11', 'cmd_fastwalk', '0');
INSERT INTO permission_group_commands (group_id, command_name, setting_type) VALUES ('11', 'cmd_filterword', '0');
INSERT INTO permission_group_commands (group_id, command_name, setting_type) VALUES ('11', 'cmd_freeze', '0');
INSERT INTO permission_group_commands (group_id, command_name, setting_type) VALUES ('11', 'cmd_freeze_bots', '0');
INSERT INTO permission_group_commands (group_id, command_name, setting_type) VALUES ('11', 'cmd_gift', '0');
INSERT INTO permission_group_commands (group_id, command_name, setting_type) VALUES ('11', 'cmd_give_rank', '0');
INSERT INTO permission_group_commands (group_id, command_name, setting_type) VALUES ('11', 'cmd_ha', '0');
INSERT INTO permission_group_commands (group_id, command_name, setting_type) VALUES ('11', 'cmd_hal', '0');
INSERT INTO permission_group_commands (group_id, command_name, setting_type) VALUES ('11', 'cmd_hand_item', '1');
INSERT INTO permission_group_commands (group_id, command_name, setting_type) VALUES ('11', 'cmd_happy_hour', '0');
INSERT INTO permission_group_commands (group_id, command_name, setting_type) VALUES ('11', 'cmd_hide_wired', '1');
INSERT INTO permission_group_commands (group_id, command_name, setting_type) VALUES ('11', 'cmd_invisible', '0');
INSERT INTO permission_group_commands (group_id, command_name, setting_type) VALUES ('11', 'cmd_ip_ban', '0');
INSERT INTO permission_group_commands (group_id, command_name, setting_type) VALUES ('11', 'cmd_machine_ban', '0');
INSERT INTO permission_group_commands (group_id, command_name, setting_type) VALUES ('11', 'cmd_mass_badge', '0');
INSERT INTO permission_group_commands (group_id, command_name, setting_type) VALUES ('11', 'cmd_mass_credits', '0');
INSERT INTO permission_group_commands (group_id, command_name, setting_type) VALUES ('11', 'cmd_mass_duckets', '0');
INSERT INTO permission_group_commands (group_id, command_name, setting_type) VALUES ('11', 'cmd_mass_gift', '0');
INSERT INTO permission_group_commands (group_id, command_name, setting_type) VALUES ('11', 'cmd_mass_points', '0');
INSERT INTO permission_group_commands (group_id, command_name, setting_type) VALUES ('11', 'cmd_mimic', '1');
INSERT INTO permission_group_commands (group_id, command_name, setting_type) VALUES ('11', 'cmd_moonwalk', '1');
INSERT INTO permission_group_commands (group_id, command_name, setting_type) VALUES ('11', 'cmd_multi', '1');
INSERT INTO permission_group_commands (group_id, command_name, setting_type) VALUES ('11', 'cmd_mute', '1');
INSERT INTO permission_group_commands (group_id, command_name, setting_type) VALUES ('11', 'cmd_pet_info', '1');
INSERT INTO permission_group_commands (group_id, command_name, setting_type) VALUES ('11', 'cmd_pick_all', '1');
INSERT INTO permission_group_commands (group_id, command_name, setting_type) VALUES ('11', 'cmd_points', '0');
INSERT INTO permission_group_commands (group_id, command_name, setting_type) VALUES ('11', 'cmd_promote_offer', '0');
INSERT INTO permission_group_commands (group_id, command_name, setting_type) VALUES ('11', 'cmd_pull', '1');
INSERT INTO permission_group_commands (group_id, command_name, setting_type) VALUES ('11', 'cmd_push', '1');
INSERT INTO permission_group_commands (group_id, command_name, setting_type) VALUES ('11', 'cmd_redeem', '1');
INSERT INTO permission_group_commands (group_id, command_name, setting_type) VALUES ('11', 'cmd_reload_room', '1');
INSERT INTO permission_group_commands (group_id, command_name, setting_type) VALUES ('11', 'cmd_required_custom', '0');
INSERT INTO permission_group_commands (group_id, command_name, setting_type) VALUES ('11', 'cmd_rights', '1');
INSERT INTO permission_group_commands (group_id, command_name, setting_type) VALUES ('11', 'cmd_room_alert', '1');
INSERT INTO permission_group_commands (group_id, command_name, setting_type) VALUES ('11', 'cmd_room_badge', '0');
INSERT INTO permission_group_commands (group_id, command_name, setting_type) VALUES ('11', 'cmd_room_credits', '0');
INSERT INTO permission_group_commands (group_id, command_name, setting_type) VALUES ('11', 'cmd_room_dance', '1');
INSERT INTO permission_group_commands (group_id, command_name, setting_type) VALUES ('11', 'cmd_room_duckets', '0');
INSERT INTO permission_group_commands (group_id, command_name, setting_type) VALUES ('11', 'cmd_room_effect', '0');
INSERT INTO permission_group_commands (group_id, command_name, setting_type) VALUES ('11', 'cmd_room_gift', '0');
INSERT INTO permission_group_commands (group_id, command_name, setting_type) VALUES ('11', 'cmd_room_item', '0');
INSERT INTO permission_group_commands (group_id, command_name, setting_type) VALUES ('11', 'cmd_room_kick', '1');
INSERT INTO permission_group_commands (group_id, command_name, setting_type) VALUES ('11', 'cmd_room_mute', '1');
INSERT INTO permission_group_commands (group_id, command_name, setting_type) VALUES ('11', 'cmd_room_points', '0');
INSERT INTO permission_group_commands (group_id, command_name, setting_type) VALUES ('11', 'cmd_say', '1');
INSERT INTO permission_group_commands (group_id, command_name, setting_type) VALUES ('11', 'cmd_say_all', '0');
INSERT INTO permission_group_commands (group_id, command_name, setting_type) VALUES ('11', 'cmd_set_max', '0');
INSERT INTO permission_group_commands (group_id, command_name, setting_type) VALUES ('11', 'cmd_set_poll', '0');
INSERT INTO permission_group_commands (group_id, command_name, setting_type) VALUES ('11', 'cmd_set_speed', '0');
INSERT INTO permission_group_commands (group_id, command_name, setting_type) VALUES ('11', 'cmd_shout', '1');
INSERT INTO permission_group_commands (group_id, command_name, setting_type) VALUES ('11', 'cmd_shout_all', '1');
INSERT INTO permission_group_commands (group_id, command_name, setting_type) VALUES ('11', 'cmd_shutdown', '0');
INSERT INTO permission_group_commands (group_id, command_name, setting_type) VALUES ('11', 'cmd_sitdown', '1');
INSERT INTO permission_group_commands (group_id, command_name, setting_type) VALUES ('11', 'cmd_soft_kick', '1');
INSERT INTO permission_group_commands (group_id, command_name, setting_type) VALUES ('11', 'cmd_staff_alert', '1');
INSERT INTO permission_group_commands (group_id, command_name, setting_type) VALUES ('11', 'cmd_staff_online', '1');
INSERT INTO permission_group_commands (group_id, command_name, setting_type) VALUES ('11', 'cmd_staff_summon', '0');
INSERT INTO permission_group_commands (group_id, command_name, setting_type) VALUES ('11', 'cmd_stalk', '1');
INSERT INTO permission_group_commands (group_id, command_name, setting_type) VALUES ('11', 'cmd_subscription', '0');
INSERT INTO permission_group_commands (group_id, command_name, setting_type) VALUES ('11', 'cmd_summon', '0');
INSERT INTO permission_group_commands (group_id, command_name, setting_type) VALUES ('11', 'cmd_super_ban', '0');
INSERT INTO permission_group_commands (group_id, command_name, setting_type) VALUES ('11', 'cmd_super_pull', '0');
INSERT INTO permission_group_commands (group_id, command_name, setting_type) VALUES ('11', 'cmd_take_badge', '0');
INSERT INTO permission_group_commands (group_id, command_name, setting_type) VALUES ('11', 'cmd_talk', '1');
INSERT INTO permission_group_commands (group_id, command_name, setting_type) VALUES ('11', 'cmd_teleport', '1');
INSERT INTO permission_group_commands (group_id, command_name, setting_type) VALUES ('11', 'cmd_transform', '0');
INSERT INTO permission_group_commands (group_id, command_name, setting_type) VALUES ('11', 'cmd_unban', '0');
INSERT INTO permission_group_commands (group_id, command_name, setting_type) VALUES ('11', 'cmd_unload', '0');
INSERT INTO permission_group_commands (group_id, command_name, setting_type) VALUES ('11', 'cmd_unmute', '1');
INSERT INTO permission_group_commands (group_id, command_name, setting_type) VALUES ('11', 'cmd_update_achievements', '0');
INSERT INTO permission_group_commands (group_id, command_name, setting_type) VALUES ('11', 'cmd_update_bots', '0');
INSERT INTO permission_group_commands (group_id, command_name, setting_type) VALUES ('11', 'cmd_update_catalogue', '0');
INSERT INTO permission_group_commands (group_id, command_name, setting_type) VALUES ('11', 'cmd_update_config', '0');
INSERT INTO permission_group_commands (group_id, command_name, setting_type) VALUES ('11', 'cmd_update_guildparts', '0');
INSERT INTO permission_group_commands (group_id, command_name, setting_type) VALUES ('11', 'cmd_update_hotel_view', '0');
INSERT INTO permission_group_commands (group_id, command_name, setting_type) VALUES ('11', 'cmd_update_items', '0');
INSERT INTO permission_group_commands (group_id, command_name, setting_type) VALUES ('11', 'cmd_update_navigator', '0');
INSERT INTO permission_group_commands (group_id, command_name, setting_type) VALUES ('11', 'cmd_update_permissions', '0');
INSERT INTO permission_group_commands (group_id, command_name, setting_type) VALUES ('11', 'cmd_update_pet_data', '0');
INSERT INTO permission_group_commands (group_id, command_name, setting_type) VALUES ('11', 'cmd_update_plugins', '0');
INSERT INTO permission_group_commands (group_id, command_name, setting_type) VALUES ('11', 'cmd_update_polls', '0');
INSERT INTO permission_group_commands (group_id, command_name, setting_type) VALUES ('11', 'cmd_update_texts', '0');
INSERT INTO permission_group_commands (group_id, command_name, setting_type) VALUES ('11', 'cmd_update_wordfilter', '0');
INSERT INTO permission_group_commands (group_id, command_name, setting_type) VALUES ('11', 'cmd_user_info', '0');
INSERT INTO permission_group_commands (group_id, command_name, setting_type) VALUES ('11', 'cmd_word_quiz', '0');
INSERT INTO permission_group_rights (group_id, right_name, setting_type) VALUES ('11', 'acc_ads_background', '0');
INSERT INTO permission_group_rights (group_id, right_name, setting_type) VALUES ('11', 'acc_ambassador', '0');
INSERT INTO permission_group_rights (group_id, right_name, setting_type) VALUES ('11', 'acc_anychatcolor', '1');
INSERT INTO permission_group_rights (group_id, right_name, setting_type) VALUES ('11', 'acc_anyroomowner', '1');
INSERT INTO permission_group_rights (group_id, right_name, setting_type) VALUES ('11', 'acc_calendar_force', '0');
INSERT INTO permission_group_rights (group_id, right_name, setting_type) VALUES ('11', 'acc_camera', '1');
INSERT INTO permission_group_rights (group_id, right_name, setting_type) VALUES ('11', 'acc_can_stalk', '1');
INSERT INTO permission_group_rights (group_id, right_name, setting_type) VALUES ('11', 'acc_catalog_ids', '1');
INSERT INTO permission_group_rights (group_id, right_name, setting_type) VALUES ('11', 'acc_chat_no_filter', '1');
INSERT INTO permission_group_rights (group_id, right_name, setting_type) VALUES ('11', 'acc_chat_no_flood', '0');
INSERT INTO permission_group_rights (group_id, right_name, setting_type) VALUES ('11', 'acc_chat_no_limit', '0');
INSERT INTO permission_group_rights (group_id, right_name, setting_type) VALUES ('11', 'acc_empty_others', '0');
INSERT INTO permission_group_rights (group_id, right_name, setting_type) VALUES ('11', 'acc_enable_others', '0');
INSERT INTO permission_group_rights (group_id, right_name, setting_type) VALUES ('11', 'acc_enteranyroom', '1');
INSERT INTO permission_group_rights (group_id, right_name, setting_type) VALUES ('11', 'acc_floorplan_editor', '0');
INSERT INTO permission_group_rights (group_id, right_name, setting_type) VALUES ('11', 'acc_fullrooms', '1');
INSERT INTO permission_group_rights (group_id, right_name, setting_type) VALUES ('11', 'acc_guildgate', '1');
INSERT INTO permission_group_rights (group_id, right_name, setting_type) VALUES ('11', 'acc_guild_admin', '1');
INSERT INTO permission_group_rights (group_id, right_name, setting_type) VALUES ('11', 'acc_helper_give_guide_tours', '1');
INSERT INTO permission_group_rights (group_id, right_name, setting_type) VALUES ('11', 'acc_helper_judge_chat_reviews', '1');
INSERT INTO permission_group_rights (group_id, right_name, setting_type) VALUES ('11', 'acc_helper_use_guide_tool', '1');
INSERT INTO permission_group_rights (group_id, right_name, setting_type) VALUES ('11', 'acc_hide_ip', '1');
INSERT INTO permission_group_rights (group_id, right_name, setting_type) VALUES ('11', 'acc_hide_mail', '0');
INSERT INTO permission_group_rights (group_id, right_name, setting_type) VALUES ('11', 'acc_infinite_credits', '0');
INSERT INTO permission_group_rights (group_id, right_name, setting_type) VALUES ('11', 'acc_infinite_friends', '1');
INSERT INTO permission_group_rights (group_id, right_name, setting_type) VALUES ('11', 'acc_infinite_pixels', '0');
INSERT INTO permission_group_rights (group_id, right_name, setting_type) VALUES ('11', 'acc_infinite_points', '0');
INSERT INTO permission_group_rights (group_id, right_name, setting_type) VALUES ('11', 'acc_mimic_unredeemed', '0');
INSERT INTO permission_group_rights (group_id, right_name, setting_type) VALUES ('11', 'acc_modtool_room_info', '1');
INSERT INTO permission_group_rights (group_id, right_name, setting_type) VALUES ('11', 'acc_modtool_room_logs', '1');
INSERT INTO permission_group_rights (group_id, right_name, setting_type) VALUES ('11', 'acc_modtool_ticket_q', '1');
INSERT INTO permission_group_rights (group_id, right_name, setting_type) VALUES ('11', 'acc_modtool_user_alert', '1');
INSERT INTO permission_group_rights (group_id, right_name, setting_type) VALUES ('11', 'acc_modtool_user_ban', '0');
INSERT INTO permission_group_rights (group_id, right_name, setting_type) VALUES ('11', 'acc_modtool_user_logs', '1');
INSERT INTO permission_group_rights (group_id, right_name, setting_type) VALUES ('11', 'acc_moverotate', '0');
INSERT INTO permission_group_rights (group_id, right_name, setting_type) VALUES ('11', 'acc_nomute', '0');
INSERT INTO permission_group_rights (group_id, right_name, setting_type) VALUES ('11', 'acc_not_mimiced', '0');
INSERT INTO permission_group_rights (group_id, right_name, setting_type) VALUES ('11', 'acc_no_mute', '0');
INSERT INTO permission_group_rights (group_id, right_name, setting_type) VALUES ('11', 'acc_placefurni', '1');
INSERT INTO permission_group_rights (group_id, right_name, setting_type) VALUES ('11', 'acc_see_tentchat', '1');
INSERT INTO permission_group_rights (group_id, right_name, setting_type) VALUES ('11', 'acc_see_whispers', '1');
INSERT INTO permission_group_rights (group_id, right_name, setting_type) VALUES ('11', 'acc_staff_pick', '0');
INSERT INTO permission_group_rights (group_id, right_name, setting_type) VALUES ('11', 'acc_superwired', '1');
INSERT INTO permission_group_rights (group_id, right_name, setting_type) VALUES ('11', 'acc_supporttool', '1');
INSERT INTO permission_group_rights (group_id, right_name, setting_type) VALUES ('11', 'acc_trade_anywhere', '1');
INSERT INTO permission_group_rights (group_id, right_name, setting_type) VALUES ('11', 'acc_unkickable', '0');
INSERT INTO permission_group_rights (group_id, right_name, setting_type) VALUES ('11', 'acc_unlimited_bots', '0');
INSERT INTO permission_group_rights (group_id, right_name, setting_type) VALUES ('11', 'acc_unlimited_pets', '0');
-- legacy table
INSERT INTO permissions (id, rank_name, prefix, prefix_color) VALUES ('11', 'Support', 'SUP', '');


-- permission group Moderator
INSERT INTO permission_groups (id, name, description, level, prefix, prefix_color, badge, room_effect, log_enabled) VALUES ('12', 'Moderator', '', '5', 'MOD', '#d620b8', 'ADM', '0', '0');
INSERT INTO permission_group_commands (group_id, command_name, setting_type) VALUES ('12', 'cmd_add_youtube_playlist', '0');
INSERT INTO permission_group_commands (group_id, command_name, setting_type) VALUES ('12', 'cmd_alert', '1');
INSERT INTO permission_group_commands (group_id, command_name, setting_type) VALUES ('12', 'cmd_allow_trading', '1');
INSERT INTO permission_group_commands (group_id, command_name, setting_type) VALUES ('12', 'cmd_badge', '1');
INSERT INTO permission_group_commands (group_id, command_name, setting_type) VALUES ('12', 'cmd_ban', '1');
INSERT INTO permission_group_commands (group_id, command_name, setting_type) VALUES ('12', 'cmd_block_alert', '1');
INSERT INTO permission_group_commands (group_id, command_name, setting_type) VALUES ('12', 'cmd_bots', '1');
INSERT INTO permission_group_commands (group_id, command_name, setting_type) VALUES ('12', 'cmd_bundle', '1');
INSERT INTO permission_group_commands (group_id, command_name, setting_type) VALUES ('12', 'cmd_calendar', '1');
INSERT INTO permission_group_commands (group_id, command_name, setting_type) VALUES ('12', 'cmd_changename', '1');
INSERT INTO permission_group_commands (group_id, command_name, setting_type) VALUES ('12', 'cmd_chatcolor', '1');
INSERT INTO permission_group_commands (group_id, command_name, setting_type) VALUES ('12', 'cmd_control', '1');
INSERT INTO permission_group_commands (group_id, command_name, setting_type) VALUES ('12', 'cmd_coords', '1');
INSERT INTO permission_group_commands (group_id, command_name, setting_type) VALUES ('12', 'cmd_credits', '1');
INSERT INTO permission_group_commands (group_id, command_name, setting_type) VALUES ('12', 'cmd_diagonal', '1');
INSERT INTO permission_group_commands (group_id, command_name, setting_type) VALUES ('12', 'cmd_disconnect', '1');
INSERT INTO permission_group_commands (group_id, command_name, setting_type) VALUES ('12', 'cmd_duckets', '1');
INSERT INTO permission_group_commands (group_id, command_name, setting_type) VALUES ('12', 'cmd_ejectall', '1');
INSERT INTO permission_group_commands (group_id, command_name, setting_type) VALUES ('12', 'cmd_empty', '1');
INSERT INTO permission_group_commands (group_id, command_name, setting_type) VALUES ('12', 'cmd_empty_bots', '1');
INSERT INTO permission_group_commands (group_id, command_name, setting_type) VALUES ('12', 'cmd_empty_pets', '1');
INSERT INTO permission_group_commands (group_id, command_name, setting_type) VALUES ('12', 'cmd_enable', '1');
INSERT INTO permission_group_commands (group_id, command_name, setting_type) VALUES ('12', 'cmd_event', '1');
INSERT INTO permission_group_commands (group_id, command_name, setting_type) VALUES ('12', 'cmd_faceless', '1');
INSERT INTO permission_group_commands (group_id, command_name, setting_type) VALUES ('12', 'cmd_fastwalk', '1');
INSERT INTO permission_group_commands (group_id, command_name, setting_type) VALUES ('12', 'cmd_filterword', '1');
INSERT INTO permission_group_commands (group_id, command_name, setting_type) VALUES ('12', 'cmd_freeze', '1');
INSERT INTO permission_group_commands (group_id, command_name, setting_type) VALUES ('12', 'cmd_freeze_bots', '1');
INSERT INTO permission_group_commands (group_id, command_name, setting_type) VALUES ('12', 'cmd_gift', '1');
INSERT INTO permission_group_commands (group_id, command_name, setting_type) VALUES ('12', 'cmd_give_rank', '0');
INSERT INTO permission_group_commands (group_id, command_name, setting_type) VALUES ('12', 'cmd_ha', '1');
INSERT INTO permission_group_commands (group_id, command_name, setting_type) VALUES ('12', 'cmd_hal', '1');
INSERT INTO permission_group_commands (group_id, command_name, setting_type) VALUES ('12', 'cmd_hand_item', '1');
INSERT INTO permission_group_commands (group_id, command_name, setting_type) VALUES ('12', 'cmd_happy_hour', '1');
INSERT INTO permission_group_commands (group_id, command_name, setting_type) VALUES ('12', 'cmd_hide_wired', '1');
INSERT INTO permission_group_commands (group_id, command_name, setting_type) VALUES ('12', 'cmd_invisible', '1');
INSERT INTO permission_group_commands (group_id, command_name, setting_type) VALUES ('12', 'cmd_ip_ban', '0');
INSERT INTO permission_group_commands (group_id, command_name, setting_type) VALUES ('12', 'cmd_machine_ban', '0');
INSERT INTO permission_group_commands (group_id, command_name, setting_type) VALUES ('12', 'cmd_mass_badge', '0');
INSERT INTO permission_group_commands (group_id, command_name, setting_type) VALUES ('12', 'cmd_mass_credits', '0');
INSERT INTO permission_group_commands (group_id, command_name, setting_type) VALUES ('12', 'cmd_mass_duckets', '0');
INSERT INTO permission_group_commands (group_id, command_name, setting_type) VALUES ('12', 'cmd_mass_gift', '0');
INSERT INTO permission_group_commands (group_id, command_name, setting_type) VALUES ('12', 'cmd_mass_points', '0');
INSERT INTO permission_group_commands (group_id, command_name, setting_type) VALUES ('12', 'cmd_mimic', '1');
INSERT INTO permission_group_commands (group_id, command_name, setting_type) VALUES ('12', 'cmd_moonwalk', '1');
INSERT INTO permission_group_commands (group_id, command_name, setting_type) VALUES ('12', 'cmd_multi', '1');
INSERT INTO permission_group_commands (group_id, command_name, setting_type) VALUES ('12', 'cmd_mute', '1');
INSERT INTO permission_group_commands (group_id, command_name, setting_type) VALUES ('12', 'cmd_pet_info', '1');
INSERT INTO permission_group_commands (group_id, command_name, setting_type) VALUES ('12', 'cmd_pick_all', '1');
INSERT INTO permission_group_commands (group_id, command_name, setting_type) VALUES ('12', 'cmd_points', '1');
INSERT INTO permission_group_commands (group_id, command_name, setting_type) VALUES ('12', 'cmd_promote_offer', '1');
INSERT INTO permission_group_commands (group_id, command_name, setting_type) VALUES ('12', 'cmd_pull', '1');
INSERT INTO permission_group_commands (group_id, command_name, setting_type) VALUES ('12', 'cmd_push', '1');
INSERT INTO permission_group_commands (group_id, command_name, setting_type) VALUES ('12', 'cmd_redeem', '1');
INSERT INTO permission_group_commands (group_id, command_name, setting_type) VALUES ('12', 'cmd_reload_room', '1');
INSERT INTO permission_group_commands (group_id, command_name, setting_type) VALUES ('12', 'cmd_required_custom', '1');
INSERT INTO permission_group_commands (group_id, command_name, setting_type) VALUES ('12', 'cmd_rights', '1');
INSERT INTO permission_group_commands (group_id, command_name, setting_type) VALUES ('12', 'cmd_room_alert', '1');
INSERT INTO permission_group_commands (group_id, command_name, setting_type) VALUES ('12', 'cmd_room_badge', '1');
INSERT INTO permission_group_commands (group_id, command_name, setting_type) VALUES ('12', 'cmd_room_credits', '1');
INSERT INTO permission_group_commands (group_id, command_name, setting_type) VALUES ('12', 'cmd_room_dance', '1');
INSERT INTO permission_group_commands (group_id, command_name, setting_type) VALUES ('12', 'cmd_room_duckets', '1');
INSERT INTO permission_group_commands (group_id, command_name, setting_type) VALUES ('12', 'cmd_room_effect', '1');
INSERT INTO permission_group_commands (group_id, command_name, setting_type) VALUES ('12', 'cmd_room_gift', '1');
INSERT INTO permission_group_commands (group_id, command_name, setting_type) VALUES ('12', 'cmd_room_item', '1');
INSERT INTO permission_group_commands (group_id, command_name, setting_type) VALUES ('12', 'cmd_room_kick', '1');
INSERT INTO permission_group_commands (group_id, command_name, setting_type) VALUES ('12', 'cmd_room_mute', '1');
INSERT INTO permission_group_commands (group_id, command_name, setting_type) VALUES ('12', 'cmd_room_points', '1');
INSERT INTO permission_group_commands (group_id, command_name, setting_type) VALUES ('12', 'cmd_say', '1');
INSERT INTO permission_group_commands (group_id, command_name, setting_type) VALUES ('12', 'cmd_say_all', '1');
INSERT INTO permission_group_commands (group_id, command_name, setting_type) VALUES ('12', 'cmd_set_max', '1');
INSERT INTO permission_group_commands (group_id, command_name, setting_type) VALUES ('12', 'cmd_set_poll', '1');
INSERT INTO permission_group_commands (group_id, command_name, setting_type) VALUES ('12', 'cmd_set_speed', '0');
INSERT INTO permission_group_commands (group_id, command_name, setting_type) VALUES ('12', 'cmd_shout', '1');
INSERT INTO permission_group_commands (group_id, command_name, setting_type) VALUES ('12', 'cmd_shout_all', '1');
INSERT INTO permission_group_commands (group_id, command_name, setting_type) VALUES ('12', 'cmd_shutdown', '0');
INSERT INTO permission_group_commands (group_id, command_name, setting_type) VALUES ('12', 'cmd_sitdown', '1');
INSERT INTO permission_group_commands (group_id, command_name, setting_type) VALUES ('12', 'cmd_soft_kick', '1');
INSERT INTO permission_group_commands (group_id, command_name, setting_type) VALUES ('12', 'cmd_staff_alert', '1');
INSERT INTO permission_group_commands (group_id, command_name, setting_type) VALUES ('12', 'cmd_staff_online', '1');
INSERT INTO permission_group_commands (group_id, command_name, setting_type) VALUES ('12', 'cmd_staff_summon', '1');
INSERT INTO permission_group_commands (group_id, command_name, setting_type) VALUES ('12', 'cmd_stalk', '1');
INSERT INTO permission_group_commands (group_id, command_name, setting_type) VALUES ('12', 'cmd_subscription', '1');
INSERT INTO permission_group_commands (group_id, command_name, setting_type) VALUES ('12', 'cmd_summon', '1');
INSERT INTO permission_group_commands (group_id, command_name, setting_type) VALUES ('12', 'cmd_super_ban', '0');
INSERT INTO permission_group_commands (group_id, command_name, setting_type) VALUES ('12', 'cmd_super_pull', '1');
INSERT INTO permission_group_commands (group_id, command_name, setting_type) VALUES ('12', 'cmd_take_badge', '1');
INSERT INTO permission_group_commands (group_id, command_name, setting_type) VALUES ('12', 'cmd_talk', '1');
INSERT INTO permission_group_commands (group_id, command_name, setting_type) VALUES ('12', 'cmd_teleport', '1');
INSERT INTO permission_group_commands (group_id, command_name, setting_type) VALUES ('12', 'cmd_transform', '1');
INSERT INTO permission_group_commands (group_id, command_name, setting_type) VALUES ('12', 'cmd_unban', '1');
INSERT INTO permission_group_commands (group_id, command_name, setting_type) VALUES ('12', 'cmd_unload', '0');
INSERT INTO permission_group_commands (group_id, command_name, setting_type) VALUES ('12', 'cmd_unmute', '1');
INSERT INTO permission_group_commands (group_id, command_name, setting_type) VALUES ('12', 'cmd_update_achievements', '1');
INSERT INTO permission_group_commands (group_id, command_name, setting_type) VALUES ('12', 'cmd_update_bots', '1');
INSERT INTO permission_group_commands (group_id, command_name, setting_type) VALUES ('12', 'cmd_update_catalogue', '1');
INSERT INTO permission_group_commands (group_id, command_name, setting_type) VALUES ('12', 'cmd_update_config', '0');
INSERT INTO permission_group_commands (group_id, command_name, setting_type) VALUES ('12', 'cmd_update_guildparts', '0');
INSERT INTO permission_group_commands (group_id, command_name, setting_type) VALUES ('12', 'cmd_update_hotel_view', '1');
INSERT INTO permission_group_commands (group_id, command_name, setting_type) VALUES ('12', 'cmd_update_items', '1');
INSERT INTO permission_group_commands (group_id, command_name, setting_type) VALUES ('12', 'cmd_update_navigator', '1');
INSERT INTO permission_group_commands (group_id, command_name, setting_type) VALUES ('12', 'cmd_update_permissions', '0');
INSERT INTO permission_group_commands (group_id, command_name, setting_type) VALUES ('12', 'cmd_update_pet_data', '0');
INSERT INTO permission_group_commands (group_id, command_name, setting_type) VALUES ('12', 'cmd_update_plugins', '0');
INSERT INTO permission_group_commands (group_id, command_name, setting_type) VALUES ('12', 'cmd_update_polls', '1');
INSERT INTO permission_group_commands (group_id, command_name, setting_type) VALUES ('12', 'cmd_update_texts', '0');
INSERT INTO permission_group_commands (group_id, command_name, setting_type) VALUES ('12', 'cmd_update_wordfilter', '1');
INSERT INTO permission_group_commands (group_id, command_name, setting_type) VALUES ('12', 'cmd_user_info', '1');
INSERT INTO permission_group_commands (group_id, command_name, setting_type) VALUES ('12', 'cmd_word_quiz', '1');
INSERT INTO permission_group_rights (group_id, right_name, setting_type) VALUES ('12', 'acc_ads_background', '1');
INSERT INTO permission_group_rights (group_id, right_name, setting_type) VALUES ('12', 'acc_ambassador', '0');
INSERT INTO permission_group_rights (group_id, right_name, setting_type) VALUES ('12', 'acc_anychatcolor', '1');
INSERT INTO permission_group_rights (group_id, right_name, setting_type) VALUES ('12', 'acc_anyroomowner', '1');
INSERT INTO permission_group_rights (group_id, right_name, setting_type) VALUES ('12', 'acc_calendar_force', '0');
INSERT INTO permission_group_rights (group_id, right_name, setting_type) VALUES ('12', 'acc_camera', '1');
INSERT INTO permission_group_rights (group_id, right_name, setting_type) VALUES ('12', 'acc_can_stalk', '1');
INSERT INTO permission_group_rights (group_id, right_name, setting_type) VALUES ('12', 'acc_catalog_ids', '1');
INSERT INTO permission_group_rights (group_id, right_name, setting_type) VALUES ('12', 'acc_chat_no_filter', '1');
INSERT INTO permission_group_rights (group_id, right_name, setting_type) VALUES ('12', 'acc_chat_no_flood', '1');
INSERT INTO permission_group_rights (group_id, right_name, setting_type) VALUES ('12', 'acc_chat_no_limit', '1');
INSERT INTO permission_group_rights (group_id, right_name, setting_type) VALUES ('12', 'acc_empty_others', '1');
INSERT INTO permission_group_rights (group_id, right_name, setting_type) VALUES ('12', 'acc_enable_others', '1');
INSERT INTO permission_group_rights (group_id, right_name, setting_type) VALUES ('12', 'acc_enteranyroom', '1');
INSERT INTO permission_group_rights (group_id, right_name, setting_type) VALUES ('12', 'acc_floorplan_editor', '0');
INSERT INTO permission_group_rights (group_id, right_name, setting_type) VALUES ('12', 'acc_fullrooms', '1');
INSERT INTO permission_group_rights (group_id, right_name, setting_type) VALUES ('12', 'acc_guildgate', '1');
INSERT INTO permission_group_rights (group_id, right_name, setting_type) VALUES ('12', 'acc_guild_admin', '1');
INSERT INTO permission_group_rights (group_id, right_name, setting_type) VALUES ('12', 'acc_helper_give_guide_tours', '1');
INSERT INTO permission_group_rights (group_id, right_name, setting_type) VALUES ('12', 'acc_helper_judge_chat_reviews', '1');
INSERT INTO permission_group_rights (group_id, right_name, setting_type) VALUES ('12', 'acc_helper_use_guide_tool', '1');
INSERT INTO permission_group_rights (group_id, right_name, setting_type) VALUES ('12', 'acc_hide_ip', '1');
INSERT INTO permission_group_rights (group_id, right_name, setting_type) VALUES ('12', 'acc_hide_mail', '0');
INSERT INTO permission_group_rights (group_id, right_name, setting_type) VALUES ('12', 'acc_infinite_credits', '0');
INSERT INTO permission_group_rights (group_id, right_name, setting_type) VALUES ('12', 'acc_infinite_friends', '1');
INSERT INTO permission_group_rights (group_id, right_name, setting_type) VALUES ('12', 'acc_infinite_pixels', '0');
INSERT INTO permission_group_rights (group_id, right_name, setting_type) VALUES ('12', 'acc_infinite_points', '0');
INSERT INTO permission_group_rights (group_id, right_name, setting_type) VALUES ('12', 'acc_mimic_unredeemed', '1');
INSERT INTO permission_group_rights (group_id, right_name, setting_type) VALUES ('12', 'acc_modtool_room_info', '1');
INSERT INTO permission_group_rights (group_id, right_name, setting_type) VALUES ('12', 'acc_modtool_room_logs', '1');
INSERT INTO permission_group_rights (group_id, right_name, setting_type) VALUES ('12', 'acc_modtool_ticket_q', '1');
INSERT INTO permission_group_rights (group_id, right_name, setting_type) VALUES ('12', 'acc_modtool_user_alert', '1');
INSERT INTO permission_group_rights (group_id, right_name, setting_type) VALUES ('12', 'acc_modtool_user_ban', '1');
INSERT INTO permission_group_rights (group_id, right_name, setting_type) VALUES ('12', 'acc_modtool_user_logs', '1');
INSERT INTO permission_group_rights (group_id, right_name, setting_type) VALUES ('12', 'acc_moverotate', '1');
INSERT INTO permission_group_rights (group_id, right_name, setting_type) VALUES ('12', 'acc_nomute', '1');
INSERT INTO permission_group_rights (group_id, right_name, setting_type) VALUES ('12', 'acc_not_mimiced', '0');
INSERT INTO permission_group_rights (group_id, right_name, setting_type) VALUES ('12', 'acc_no_mute', '1');
INSERT INTO permission_group_rights (group_id, right_name, setting_type) VALUES ('12', 'acc_placefurni', '1');
INSERT INTO permission_group_rights (group_id, right_name, setting_type) VALUES ('12', 'acc_see_tentchat', '1');
INSERT INTO permission_group_rights (group_id, right_name, setting_type) VALUES ('12', 'acc_see_whispers', '1');
INSERT INTO permission_group_rights (group_id, right_name, setting_type) VALUES ('12', 'acc_staff_pick', '0');
INSERT INTO permission_group_rights (group_id, right_name, setting_type) VALUES ('12', 'acc_superwired', '1');
INSERT INTO permission_group_rights (group_id, right_name, setting_type) VALUES ('12', 'acc_supporttool', '1');
INSERT INTO permission_group_rights (group_id, right_name, setting_type) VALUES ('12', 'acc_trade_anywhere', '1');
INSERT INTO permission_group_rights (group_id, right_name, setting_type) VALUES ('12', 'acc_unkickable', '0');
INSERT INTO permission_group_rights (group_id, right_name, setting_type) VALUES ('12', 'acc_unlimited_bots', '0');
INSERT INTO permission_group_rights (group_id, right_name, setting_type) VALUES ('12', 'acc_unlimited_pets', '0');
-- legacy table
INSERT INTO permissions (id, rank_name, prefix, prefix_color) VALUES ('12', 'Moderator', 'MOD', '#d620b8');


-- permission group Super Mod
INSERT INTO permission_groups (id, name, description, level, prefix, prefix_color, badge, room_effect, log_enabled) VALUES ('13', 'Super Mod', '', '6', 'ADM', '#4220d6', 'ADM', '0', '0');
INSERT INTO permission_group_commands (group_id, command_name, setting_type) VALUES ('13', 'cmd_add_youtube_playlist', '1');
INSERT INTO permission_group_commands (group_id, command_name, setting_type) VALUES ('13', 'cmd_alert', '1');
INSERT INTO permission_group_commands (group_id, command_name, setting_type) VALUES ('13', 'cmd_allow_trading', '1');
INSERT INTO permission_group_commands (group_id, command_name, setting_type) VALUES ('13', 'cmd_badge', '1');
INSERT INTO permission_group_commands (group_id, command_name, setting_type) VALUES ('13', 'cmd_ban', '1');
INSERT INTO permission_group_commands (group_id, command_name, setting_type) VALUES ('13', 'cmd_block_alert', '1');
INSERT INTO permission_group_commands (group_id, command_name, setting_type) VALUES ('13', 'cmd_bots', '1');
INSERT INTO permission_group_commands (group_id, command_name, setting_type) VALUES ('13', 'cmd_bundle', '1');
INSERT INTO permission_group_commands (group_id, command_name, setting_type) VALUES ('13', 'cmd_calendar', '1');
INSERT INTO permission_group_commands (group_id, command_name, setting_type) VALUES ('13', 'cmd_changename', '1');
INSERT INTO permission_group_commands (group_id, command_name, setting_type) VALUES ('13', 'cmd_chatcolor', '1');
INSERT INTO permission_group_commands (group_id, command_name, setting_type) VALUES ('13', 'cmd_control', '1');
INSERT INTO permission_group_commands (group_id, command_name, setting_type) VALUES ('13', 'cmd_coords', '1');
INSERT INTO permission_group_commands (group_id, command_name, setting_type) VALUES ('13', 'cmd_credits', '1');
INSERT INTO permission_group_commands (group_id, command_name, setting_type) VALUES ('13', 'cmd_diagonal', '1');
INSERT INTO permission_group_commands (group_id, command_name, setting_type) VALUES ('13', 'cmd_disconnect', '1');
INSERT INTO permission_group_commands (group_id, command_name, setting_type) VALUES ('13', 'cmd_duckets', '1');
INSERT INTO permission_group_commands (group_id, command_name, setting_type) VALUES ('13', 'cmd_ejectall', '1');
INSERT INTO permission_group_commands (group_id, command_name, setting_type) VALUES ('13', 'cmd_empty', '1');
INSERT INTO permission_group_commands (group_id, command_name, setting_type) VALUES ('13', 'cmd_empty_bots', '1');
INSERT INTO permission_group_commands (group_id, command_name, setting_type) VALUES ('13', 'cmd_empty_pets', '1');
INSERT INTO permission_group_commands (group_id, command_name, setting_type) VALUES ('13', 'cmd_enable', '1');
INSERT INTO permission_group_commands (group_id, command_name, setting_type) VALUES ('13', 'cmd_event', '1');
INSERT INTO permission_group_commands (group_id, command_name, setting_type) VALUES ('13', 'cmd_faceless', '1');
INSERT INTO permission_group_commands (group_id, command_name, setting_type) VALUES ('13', 'cmd_fastwalk', '1');
INSERT INTO permission_group_commands (group_id, command_name, setting_type) VALUES ('13', 'cmd_filterword', '1');
INSERT INTO permission_group_commands (group_id, command_name, setting_type) VALUES ('13', 'cmd_freeze', '1');
INSERT INTO permission_group_commands (group_id, command_name, setting_type) VALUES ('13', 'cmd_freeze_bots', '1');
INSERT INTO permission_group_commands (group_id, command_name, setting_type) VALUES ('13', 'cmd_gift', '1');
INSERT INTO permission_group_commands (group_id, command_name, setting_type) VALUES ('13', 'cmd_give_rank', '0');
INSERT INTO permission_group_commands (group_id, command_name, setting_type) VALUES ('13', 'cmd_ha', '1');
INSERT INTO permission_group_commands (group_id, command_name, setting_type) VALUES ('13', 'cmd_hal', '1');
INSERT INTO permission_group_commands (group_id, command_name, setting_type) VALUES ('13', 'cmd_hand_item', '1');
INSERT INTO permission_group_commands (group_id, command_name, setting_type) VALUES ('13', 'cmd_happy_hour', '1');
INSERT INTO permission_group_commands (group_id, command_name, setting_type) VALUES ('13', 'cmd_hide_wired', '1');
INSERT INTO permission_group_commands (group_id, command_name, setting_type) VALUES ('13', 'cmd_invisible', '1');
INSERT INTO permission_group_commands (group_id, command_name, setting_type) VALUES ('13', 'cmd_ip_ban', '1');
INSERT INTO permission_group_commands (group_id, command_name, setting_type) VALUES ('13', 'cmd_machine_ban', '1');
INSERT INTO permission_group_commands (group_id, command_name, setting_type) VALUES ('13', 'cmd_mass_badge', '1');
INSERT INTO permission_group_commands (group_id, command_name, setting_type) VALUES ('13', 'cmd_mass_credits', '1');
INSERT INTO permission_group_commands (group_id, command_name, setting_type) VALUES ('13', 'cmd_mass_duckets', '1');
INSERT INTO permission_group_commands (group_id, command_name, setting_type) VALUES ('13', 'cmd_mass_gift', '1');
INSERT INTO permission_group_commands (group_id, command_name, setting_type) VALUES ('13', 'cmd_mass_points', '1');
INSERT INTO permission_group_commands (group_id, command_name, setting_type) VALUES ('13', 'cmd_mimic', '1');
INSERT INTO permission_group_commands (group_id, command_name, setting_type) VALUES ('13', 'cmd_moonwalk', '1');
INSERT INTO permission_group_commands (group_id, command_name, setting_type) VALUES ('13', 'cmd_multi', '1');
INSERT INTO permission_group_commands (group_id, command_name, setting_type) VALUES ('13', 'cmd_mute', '1');
INSERT INTO permission_group_commands (group_id, command_name, setting_type) VALUES ('13', 'cmd_pet_info', '1');
INSERT INTO permission_group_commands (group_id, command_name, setting_type) VALUES ('13', 'cmd_pick_all', '1');
INSERT INTO permission_group_commands (group_id, command_name, setting_type) VALUES ('13', 'cmd_points', '1');
INSERT INTO permission_group_commands (group_id, command_name, setting_type) VALUES ('13', 'cmd_promote_offer', '1');
INSERT INTO permission_group_commands (group_id, command_name, setting_type) VALUES ('13', 'cmd_pull', '1');
INSERT INTO permission_group_commands (group_id, command_name, setting_type) VALUES ('13', 'cmd_push', '1');
INSERT INTO permission_group_commands (group_id, command_name, setting_type) VALUES ('13', 'cmd_redeem', '1');
INSERT INTO permission_group_commands (group_id, command_name, setting_type) VALUES ('13', 'cmd_reload_room', '1');
INSERT INTO permission_group_commands (group_id, command_name, setting_type) VALUES ('13', 'cmd_required_custom', '1');
INSERT INTO permission_group_commands (group_id, command_name, setting_type) VALUES ('13', 'cmd_rights', '1');
INSERT INTO permission_group_commands (group_id, command_name, setting_type) VALUES ('13', 'cmd_room_alert', '1');
INSERT INTO permission_group_commands (group_id, command_name, setting_type) VALUES ('13', 'cmd_room_badge', '1');
INSERT INTO permission_group_commands (group_id, command_name, setting_type) VALUES ('13', 'cmd_room_credits', '1');
INSERT INTO permission_group_commands (group_id, command_name, setting_type) VALUES ('13', 'cmd_room_dance', '1');
INSERT INTO permission_group_commands (group_id, command_name, setting_type) VALUES ('13', 'cmd_room_duckets', '1');
INSERT INTO permission_group_commands (group_id, command_name, setting_type) VALUES ('13', 'cmd_room_effect', '1');
INSERT INTO permission_group_commands (group_id, command_name, setting_type) VALUES ('13', 'cmd_room_gift', '1');
INSERT INTO permission_group_commands (group_id, command_name, setting_type) VALUES ('13', 'cmd_room_item', '1');
INSERT INTO permission_group_commands (group_id, command_name, setting_type) VALUES ('13', 'cmd_room_kick', '1');
INSERT INTO permission_group_commands (group_id, command_name, setting_type) VALUES ('13', 'cmd_room_mute', '1');
INSERT INTO permission_group_commands (group_id, command_name, setting_type) VALUES ('13', 'cmd_room_points', '1');
INSERT INTO permission_group_commands (group_id, command_name, setting_type) VALUES ('13', 'cmd_say', '1');
INSERT INTO permission_group_commands (group_id, command_name, setting_type) VALUES ('13', 'cmd_say_all', '1');
INSERT INTO permission_group_commands (group_id, command_name, setting_type) VALUES ('13', 'cmd_set_max', '1');
INSERT INTO permission_group_commands (group_id, command_name, setting_type) VALUES ('13', 'cmd_set_poll', '1');
INSERT INTO permission_group_commands (group_id, command_name, setting_type) VALUES ('13', 'cmd_set_speed', '1');
INSERT INTO permission_group_commands (group_id, command_name, setting_type) VALUES ('13', 'cmd_shout', '1');
INSERT INTO permission_group_commands (group_id, command_name, setting_type) VALUES ('13', 'cmd_shout_all', '1');
INSERT INTO permission_group_commands (group_id, command_name, setting_type) VALUES ('13', 'cmd_shutdown', '1');
INSERT INTO permission_group_commands (group_id, command_name, setting_type) VALUES ('13', 'cmd_sitdown', '1');
INSERT INTO permission_group_commands (group_id, command_name, setting_type) VALUES ('13', 'cmd_soft_kick', '1');
INSERT INTO permission_group_commands (group_id, command_name, setting_type) VALUES ('13', 'cmd_staff_alert', '1');
INSERT INTO permission_group_commands (group_id, command_name, setting_type) VALUES ('13', 'cmd_staff_online', '1');
INSERT INTO permission_group_commands (group_id, command_name, setting_type) VALUES ('13', 'cmd_staff_summon', '1');
INSERT INTO permission_group_commands (group_id, command_name, setting_type) VALUES ('13', 'cmd_stalk', '1');
INSERT INTO permission_group_commands (group_id, command_name, setting_type) VALUES ('13', 'cmd_subscription', '1');
INSERT INTO permission_group_commands (group_id, command_name, setting_type) VALUES ('13', 'cmd_summon', '1');
INSERT INTO permission_group_commands (group_id, command_name, setting_type) VALUES ('13', 'cmd_super_ban', '1');
INSERT INTO permission_group_commands (group_id, command_name, setting_type) VALUES ('13', 'cmd_super_pull', '1');
INSERT INTO permission_group_commands (group_id, command_name, setting_type) VALUES ('13', 'cmd_take_badge', '1');
INSERT INTO permission_group_commands (group_id, command_name, setting_type) VALUES ('13', 'cmd_talk', '1');
INSERT INTO permission_group_commands (group_id, command_name, setting_type) VALUES ('13', 'cmd_teleport', '1');
INSERT INTO permission_group_commands (group_id, command_name, setting_type) VALUES ('13', 'cmd_transform', '1');
INSERT INTO permission_group_commands (group_id, command_name, setting_type) VALUES ('13', 'cmd_unban', '1');
INSERT INTO permission_group_commands (group_id, command_name, setting_type) VALUES ('13', 'cmd_unload', '1');
INSERT INTO permission_group_commands (group_id, command_name, setting_type) VALUES ('13', 'cmd_unmute', '1');
INSERT INTO permission_group_commands (group_id, command_name, setting_type) VALUES ('13', 'cmd_update_achievements', '1');
INSERT INTO permission_group_commands (group_id, command_name, setting_type) VALUES ('13', 'cmd_update_bots', '1');
INSERT INTO permission_group_commands (group_id, command_name, setting_type) VALUES ('13', 'cmd_update_catalogue', '1');
INSERT INTO permission_group_commands (group_id, command_name, setting_type) VALUES ('13', 'cmd_update_config', '1');
INSERT INTO permission_group_commands (group_id, command_name, setting_type) VALUES ('13', 'cmd_update_guildparts', '0');
INSERT INTO permission_group_commands (group_id, command_name, setting_type) VALUES ('13', 'cmd_update_hotel_view', '1');
INSERT INTO permission_group_commands (group_id, command_name, setting_type) VALUES ('13', 'cmd_update_items', '1');
INSERT INTO permission_group_commands (group_id, command_name, setting_type) VALUES ('13', 'cmd_update_navigator', '1');
INSERT INTO permission_group_commands (group_id, command_name, setting_type) VALUES ('13', 'cmd_update_permissions', '0');
INSERT INTO permission_group_commands (group_id, command_name, setting_type) VALUES ('13', 'cmd_update_pet_data', '0');
INSERT INTO permission_group_commands (group_id, command_name, setting_type) VALUES ('13', 'cmd_update_plugins', '1');
INSERT INTO permission_group_commands (group_id, command_name, setting_type) VALUES ('13', 'cmd_update_polls', '1');
INSERT INTO permission_group_commands (group_id, command_name, setting_type) VALUES ('13', 'cmd_update_texts', '1');
INSERT INTO permission_group_commands (group_id, command_name, setting_type) VALUES ('13', 'cmd_update_wordfilter', '1');
INSERT INTO permission_group_commands (group_id, command_name, setting_type) VALUES ('13', 'cmd_user_info', '1');
INSERT INTO permission_group_commands (group_id, command_name, setting_type) VALUES ('13', 'cmd_word_quiz', '1');
INSERT INTO permission_group_rights (group_id, right_name, setting_type) VALUES ('13', 'acc_ads_background', '1');
INSERT INTO permission_group_rights (group_id, right_name, setting_type) VALUES ('13', 'acc_ambassador', '0');
INSERT INTO permission_group_rights (group_id, right_name, setting_type) VALUES ('13', 'acc_anychatcolor', '1');
INSERT INTO permission_group_rights (group_id, right_name, setting_type) VALUES ('13', 'acc_anyroomowner', '1');
INSERT INTO permission_group_rights (group_id, right_name, setting_type) VALUES ('13', 'acc_calendar_force', '0');
INSERT INTO permission_group_rights (group_id, right_name, setting_type) VALUES ('13', 'acc_camera', '1');
INSERT INTO permission_group_rights (group_id, right_name, setting_type) VALUES ('13', 'acc_can_stalk', '1');
INSERT INTO permission_group_rights (group_id, right_name, setting_type) VALUES ('13', 'acc_catalog_ids', '1');
INSERT INTO permission_group_rights (group_id, right_name, setting_type) VALUES ('13', 'acc_chat_no_filter', '1');
INSERT INTO permission_group_rights (group_id, right_name, setting_type) VALUES ('13', 'acc_chat_no_flood', '1');
INSERT INTO permission_group_rights (group_id, right_name, setting_type) VALUES ('13', 'acc_chat_no_limit', '1');
INSERT INTO permission_group_rights (group_id, right_name, setting_type) VALUES ('13', 'acc_empty_others', '1');
INSERT INTO permission_group_rights (group_id, right_name, setting_type) VALUES ('13', 'acc_enable_others', '1');
INSERT INTO permission_group_rights (group_id, right_name, setting_type) VALUES ('13', 'acc_enteranyroom', '1');
INSERT INTO permission_group_rights (group_id, right_name, setting_type) VALUES ('13', 'acc_floorplan_editor', '1');
INSERT INTO permission_group_rights (group_id, right_name, setting_type) VALUES ('13', 'acc_fullrooms', '1');
INSERT INTO permission_group_rights (group_id, right_name, setting_type) VALUES ('13', 'acc_guildgate', '1');
INSERT INTO permission_group_rights (group_id, right_name, setting_type) VALUES ('13', 'acc_guild_admin', '1');
INSERT INTO permission_group_rights (group_id, right_name, setting_type) VALUES ('13', 'acc_helper_give_guide_tours', '1');
INSERT INTO permission_group_rights (group_id, right_name, setting_type) VALUES ('13', 'acc_helper_judge_chat_reviews', '1');
INSERT INTO permission_group_rights (group_id, right_name, setting_type) VALUES ('13', 'acc_helper_use_guide_tool', '1');
INSERT INTO permission_group_rights (group_id, right_name, setting_type) VALUES ('13', 'acc_hide_ip', '0');
INSERT INTO permission_group_rights (group_id, right_name, setting_type) VALUES ('13', 'acc_hide_mail', '0');
INSERT INTO permission_group_rights (group_id, right_name, setting_type) VALUES ('13', 'acc_infinite_credits', '1');
INSERT INTO permission_group_rights (group_id, right_name, setting_type) VALUES ('13', 'acc_infinite_friends', '1');
INSERT INTO permission_group_rights (group_id, right_name, setting_type) VALUES ('13', 'acc_infinite_pixels', '1');
INSERT INTO permission_group_rights (group_id, right_name, setting_type) VALUES ('13', 'acc_infinite_points', '1');
INSERT INTO permission_group_rights (group_id, right_name, setting_type) VALUES ('13', 'acc_mimic_unredeemed', '1');
INSERT INTO permission_group_rights (group_id, right_name, setting_type) VALUES ('13', 'acc_modtool_room_info', '1');
INSERT INTO permission_group_rights (group_id, right_name, setting_type) VALUES ('13', 'acc_modtool_room_logs', '1');
INSERT INTO permission_group_rights (group_id, right_name, setting_type) VALUES ('13', 'acc_modtool_ticket_q', '1');
INSERT INTO permission_group_rights (group_id, right_name, setting_type) VALUES ('13', 'acc_modtool_user_alert', '1');
INSERT INTO permission_group_rights (group_id, right_name, setting_type) VALUES ('13', 'acc_modtool_user_ban', '1');
INSERT INTO permission_group_rights (group_id, right_name, setting_type) VALUES ('13', 'acc_modtool_user_logs', '1');
INSERT INTO permission_group_rights (group_id, right_name, setting_type) VALUES ('13', 'acc_moverotate', '1');
INSERT INTO permission_group_rights (group_id, right_name, setting_type) VALUES ('13', 'acc_nomute', '1');
INSERT INTO permission_group_rights (group_id, right_name, setting_type) VALUES ('13', 'acc_not_mimiced', '1');
INSERT INTO permission_group_rights (group_id, right_name, setting_type) VALUES ('13', 'acc_no_mute', '1');
INSERT INTO permission_group_rights (group_id, right_name, setting_type) VALUES ('13', 'acc_placefurni', '1');
INSERT INTO permission_group_rights (group_id, right_name, setting_type) VALUES ('13', 'acc_see_tentchat', '1');
INSERT INTO permission_group_rights (group_id, right_name, setting_type) VALUES ('13', 'acc_see_whispers', '1');
INSERT INTO permission_group_rights (group_id, right_name, setting_type) VALUES ('13', 'acc_staff_pick', '1');
INSERT INTO permission_group_rights (group_id, right_name, setting_type) VALUES ('13', 'acc_superwired', '1');
INSERT INTO permission_group_rights (group_id, right_name, setting_type) VALUES ('13', 'acc_supporttool', '1');
INSERT INTO permission_group_rights (group_id, right_name, setting_type) VALUES ('13', 'acc_trade_anywhere', '1');
INSERT INTO permission_group_rights (group_id, right_name, setting_type) VALUES ('13', 'acc_unkickable', '1');
INSERT INTO permission_group_rights (group_id, right_name, setting_type) VALUES ('13', 'acc_unlimited_bots', '1');
INSERT INTO permission_group_rights (group_id, right_name, setting_type) VALUES ('13', 'acc_unlimited_pets', '1');
-- legacy table
INSERT INTO permissions (id, rank_name, prefix, prefix_color) VALUES ('13', 'Super Mod', 'ADM', '#4220d6');


-- permission group Admin
INSERT INTO permission_groups (id, name, description, level, prefix, prefix_color, badge, room_effect, log_enabled) VALUES ('14', 'Admin', '', '7', 'ADM', '#de1f1f', 'ADM', '0', '0');
INSERT INTO permission_group_commands (group_id, command_name, setting_type) VALUES ('14', 'cmd_add_youtube_playlist', '1');
INSERT INTO permission_group_commands (group_id, command_name, setting_type) VALUES ('14', 'cmd_alert', '1');
INSERT INTO permission_group_commands (group_id, command_name, setting_type) VALUES ('14', 'cmd_allow_trading', '1');
INSERT INTO permission_group_commands (group_id, command_name, setting_type) VALUES ('14', 'cmd_badge', '1');
INSERT INTO permission_group_commands (group_id, command_name, setting_type) VALUES ('14', 'cmd_ban', '1');
INSERT INTO permission_group_commands (group_id, command_name, setting_type) VALUES ('14', 'cmd_block_alert', '1');
INSERT INTO permission_group_commands (group_id, command_name, setting_type) VALUES ('14', 'cmd_bots', '1');
INSERT INTO permission_group_commands (group_id, command_name, setting_type) VALUES ('14', 'cmd_bundle', '1');
INSERT INTO permission_group_commands (group_id, command_name, setting_type) VALUES ('14', 'cmd_calendar', '1');
INSERT INTO permission_group_commands (group_id, command_name, setting_type) VALUES ('14', 'cmd_changename', '1');
INSERT INTO permission_group_commands (group_id, command_name, setting_type) VALUES ('14', 'cmd_chatcolor', '1');
INSERT INTO permission_group_commands (group_id, command_name, setting_type) VALUES ('14', 'cmd_control', '1');
INSERT INTO permission_group_commands (group_id, command_name, setting_type) VALUES ('14', 'cmd_coords', '1');
INSERT INTO permission_group_commands (group_id, command_name, setting_type) VALUES ('14', 'cmd_credits', '1');
INSERT INTO permission_group_commands (group_id, command_name, setting_type) VALUES ('14', 'cmd_diagonal', '1');
INSERT INTO permission_group_commands (group_id, command_name, setting_type) VALUES ('14', 'cmd_disconnect', '1');
INSERT INTO permission_group_commands (group_id, command_name, setting_type) VALUES ('14', 'cmd_duckets', '1');
INSERT INTO permission_group_commands (group_id, command_name, setting_type) VALUES ('14', 'cmd_ejectall', '1');
INSERT INTO permission_group_commands (group_id, command_name, setting_type) VALUES ('14', 'cmd_empty', '1');
INSERT INTO permission_group_commands (group_id, command_name, setting_type) VALUES ('14', 'cmd_empty_bots', '1');
INSERT INTO permission_group_commands (group_id, command_name, setting_type) VALUES ('14', 'cmd_empty_pets', '1');
INSERT INTO permission_group_commands (group_id, command_name, setting_type) VALUES ('14', 'cmd_enable', '1');
INSERT INTO permission_group_commands (group_id, command_name, setting_type) VALUES ('14', 'cmd_event', '1');
INSERT INTO permission_group_commands (group_id, command_name, setting_type) VALUES ('14', 'cmd_faceless', '1');
INSERT INTO permission_group_commands (group_id, command_name, setting_type) VALUES ('14', 'cmd_fastwalk', '1');
INSERT INTO permission_group_commands (group_id, command_name, setting_type) VALUES ('14', 'cmd_filterword', '1');
INSERT INTO permission_group_commands (group_id, command_name, setting_type) VALUES ('14', 'cmd_freeze', '1');
INSERT INTO permission_group_commands (group_id, command_name, setting_type) VALUES ('14', 'cmd_freeze_bots', '1');
INSERT INTO permission_group_commands (group_id, command_name, setting_type) VALUES ('14', 'cmd_gift', '1');
INSERT INTO permission_group_commands (group_id, command_name, setting_type) VALUES ('14', 'cmd_give_rank', '1');
INSERT INTO permission_group_commands (group_id, command_name, setting_type) VALUES ('14', 'cmd_ha', '1');
INSERT INTO permission_group_commands (group_id, command_name, setting_type) VALUES ('14', 'cmd_hal', '1');
INSERT INTO permission_group_commands (group_id, command_name, setting_type) VALUES ('14', 'cmd_hand_item', '1');
INSERT INTO permission_group_commands (group_id, command_name, setting_type) VALUES ('14', 'cmd_happy_hour', '1');
INSERT INTO permission_group_commands (group_id, command_name, setting_type) VALUES ('14', 'cmd_hide_wired', '1');
INSERT INTO permission_group_commands (group_id, command_name, setting_type) VALUES ('14', 'cmd_invisible', '1');
INSERT INTO permission_group_commands (group_id, command_name, setting_type) VALUES ('14', 'cmd_ip_ban', '1');
INSERT INTO permission_group_commands (group_id, command_name, setting_type) VALUES ('14', 'cmd_machine_ban', '1');
INSERT INTO permission_group_commands (group_id, command_name, setting_type) VALUES ('14', 'cmd_mass_badge', '1');
INSERT INTO permission_group_commands (group_id, command_name, setting_type) VALUES ('14', 'cmd_mass_credits', '1');
INSERT INTO permission_group_commands (group_id, command_name, setting_type) VALUES ('14', 'cmd_mass_duckets', '1');
INSERT INTO permission_group_commands (group_id, command_name, setting_type) VALUES ('14', 'cmd_mass_gift', '1');
INSERT INTO permission_group_commands (group_id, command_name, setting_type) VALUES ('14', 'cmd_mass_points', '1');
INSERT INTO permission_group_commands (group_id, command_name, setting_type) VALUES ('14', 'cmd_mimic', '1');
INSERT INTO permission_group_commands (group_id, command_name, setting_type) VALUES ('14', 'cmd_moonwalk', '1');
INSERT INTO permission_group_commands (group_id, command_name, setting_type) VALUES ('14', 'cmd_multi', '1');
INSERT INTO permission_group_commands (group_id, command_name, setting_type) VALUES ('14', 'cmd_mute', '1');
INSERT INTO permission_group_commands (group_id, command_name, setting_type) VALUES ('14', 'cmd_pet_info', '1');
INSERT INTO permission_group_commands (group_id, command_name, setting_type) VALUES ('14', 'cmd_pick_all', '1');
INSERT INTO permission_group_commands (group_id, command_name, setting_type) VALUES ('14', 'cmd_points', '1');
INSERT INTO permission_group_commands (group_id, command_name, setting_type) VALUES ('14', 'cmd_promote_offer', '1');
INSERT INTO permission_group_commands (group_id, command_name, setting_type) VALUES ('14', 'cmd_pull', '1');
INSERT INTO permission_group_commands (group_id, command_name, setting_type) VALUES ('14', 'cmd_push', '1');
INSERT INTO permission_group_commands (group_id, command_name, setting_type) VALUES ('14', 'cmd_redeem', '1');
INSERT INTO permission_group_commands (group_id, command_name, setting_type) VALUES ('14', 'cmd_reload_room', '1');
INSERT INTO permission_group_commands (group_id, command_name, setting_type) VALUES ('14', 'cmd_required_custom', '1');
INSERT INTO permission_group_commands (group_id, command_name, setting_type) VALUES ('14', 'cmd_rights', '1');
INSERT INTO permission_group_commands (group_id, command_name, setting_type) VALUES ('14', 'cmd_room_alert', '1');
INSERT INTO permission_group_commands (group_id, command_name, setting_type) VALUES ('14', 'cmd_room_badge', '1');
INSERT INTO permission_group_commands (group_id, command_name, setting_type) VALUES ('14', 'cmd_room_credits', '1');
INSERT INTO permission_group_commands (group_id, command_name, setting_type) VALUES ('14', 'cmd_room_dance', '1');
INSERT INTO permission_group_commands (group_id, command_name, setting_type) VALUES ('14', 'cmd_room_duckets', '1');
INSERT INTO permission_group_commands (group_id, command_name, setting_type) VALUES ('14', 'cmd_room_effect', '1');
INSERT INTO permission_group_commands (group_id, command_name, setting_type) VALUES ('14', 'cmd_room_gift', '1');
INSERT INTO permission_group_commands (group_id, command_name, setting_type) VALUES ('14', 'cmd_room_item', '1');
INSERT INTO permission_group_commands (group_id, command_name, setting_type) VALUES ('14', 'cmd_room_kick', '1');
INSERT INTO permission_group_commands (group_id, command_name, setting_type) VALUES ('14', 'cmd_room_mute', '1');
INSERT INTO permission_group_commands (group_id, command_name, setting_type) VALUES ('14', 'cmd_room_points', '1');
INSERT INTO permission_group_commands (group_id, command_name, setting_type) VALUES ('14', 'cmd_say', '1');
INSERT INTO permission_group_commands (group_id, command_name, setting_type) VALUES ('14', 'cmd_say_all', '1');
INSERT INTO permission_group_commands (group_id, command_name, setting_type) VALUES ('14', 'cmd_set_max', '1');
INSERT INTO permission_group_commands (group_id, command_name, setting_type) VALUES ('14', 'cmd_set_poll', '1');
INSERT INTO permission_group_commands (group_id, command_name, setting_type) VALUES ('14', 'cmd_set_speed', '1');
INSERT INTO permission_group_commands (group_id, command_name, setting_type) VALUES ('14', 'cmd_shout', '1');
INSERT INTO permission_group_commands (group_id, command_name, setting_type) VALUES ('14', 'cmd_shout_all', '1');
INSERT INTO permission_group_commands (group_id, command_name, setting_type) VALUES ('14', 'cmd_shutdown', '1');
INSERT INTO permission_group_commands (group_id, command_name, setting_type) VALUES ('14', 'cmd_sitdown', '1');
INSERT INTO permission_group_commands (group_id, command_name, setting_type) VALUES ('14', 'cmd_soft_kick', '1');
INSERT INTO permission_group_commands (group_id, command_name, setting_type) VALUES ('14', 'cmd_staff_alert', '1');
INSERT INTO permission_group_commands (group_id, command_name, setting_type) VALUES ('14', 'cmd_staff_online', '1');
INSERT INTO permission_group_commands (group_id, command_name, setting_type) VALUES ('14', 'cmd_staff_summon', '1');
INSERT INTO permission_group_commands (group_id, command_name, setting_type) VALUES ('14', 'cmd_stalk', '1');
INSERT INTO permission_group_commands (group_id, command_name, setting_type) VALUES ('14', 'cmd_subscription', '1');
INSERT INTO permission_group_commands (group_id, command_name, setting_type) VALUES ('14', 'cmd_summon', '1');
INSERT INTO permission_group_commands (group_id, command_name, setting_type) VALUES ('14', 'cmd_super_ban', '1');
INSERT INTO permission_group_commands (group_id, command_name, setting_type) VALUES ('14', 'cmd_super_pull', '1');
INSERT INTO permission_group_commands (group_id, command_name, setting_type) VALUES ('14', 'cmd_take_badge', '1');
INSERT INTO permission_group_commands (group_id, command_name, setting_type) VALUES ('14', 'cmd_talk', '1');
INSERT INTO permission_group_commands (group_id, command_name, setting_type) VALUES ('14', 'cmd_teleport', '1');
INSERT INTO permission_group_commands (group_id, command_name, setting_type) VALUES ('14', 'cmd_transform', '1');
INSERT INTO permission_group_commands (group_id, command_name, setting_type) VALUES ('14', 'cmd_unban', '1');
INSERT INTO permission_group_commands (group_id, command_name, setting_type) VALUES ('14', 'cmd_unload', '1');
INSERT INTO permission_group_commands (group_id, command_name, setting_type) VALUES ('14', 'cmd_unmute', '1');
INSERT INTO permission_group_commands (group_id, command_name, setting_type) VALUES ('14', 'cmd_update_achievements', '1');
INSERT INTO permission_group_commands (group_id, command_name, setting_type) VALUES ('14', 'cmd_update_bots', '1');
INSERT INTO permission_group_commands (group_id, command_name, setting_type) VALUES ('14', 'cmd_update_catalogue', '1');
INSERT INTO permission_group_commands (group_id, command_name, setting_type) VALUES ('14', 'cmd_update_config', '1');
INSERT INTO permission_group_commands (group_id, command_name, setting_type) VALUES ('14', 'cmd_update_guildparts', '1');
INSERT INTO permission_group_commands (group_id, command_name, setting_type) VALUES ('14', 'cmd_update_hotel_view', '1');
INSERT INTO permission_group_commands (group_id, command_name, setting_type) VALUES ('14', 'cmd_update_items', '1');
INSERT INTO permission_group_commands (group_id, command_name, setting_type) VALUES ('14', 'cmd_update_navigator', '1');
INSERT INTO permission_group_commands (group_id, command_name, setting_type) VALUES ('14', 'cmd_update_permissions', '1');
INSERT INTO permission_group_commands (group_id, command_name, setting_type) VALUES ('14', 'cmd_update_pet_data', '1');
INSERT INTO permission_group_commands (group_id, command_name, setting_type) VALUES ('14', 'cmd_update_plugins', '1');
INSERT INTO permission_group_commands (group_id, command_name, setting_type) VALUES ('14', 'cmd_update_polls', '1');
INSERT INTO permission_group_commands (group_id, command_name, setting_type) VALUES ('14', 'cmd_update_texts', '1');
INSERT INTO permission_group_commands (group_id, command_name, setting_type) VALUES ('14', 'cmd_update_wordfilter', '1');
INSERT INTO permission_group_commands (group_id, command_name, setting_type) VALUES ('14', 'cmd_user_info', '1');
INSERT INTO permission_group_commands (group_id, command_name, setting_type) VALUES ('14', 'cmd_word_quiz', '1');
INSERT INTO permission_group_rights (group_id, right_name, setting_type) VALUES ('14', 'acc_ads_background', '1');
INSERT INTO permission_group_rights (group_id, right_name, setting_type) VALUES ('14', 'acc_ambassador', '0');
INSERT INTO permission_group_rights (group_id, right_name, setting_type) VALUES ('14', 'acc_anychatcolor', '1');
INSERT INTO permission_group_rights (group_id, right_name, setting_type) VALUES ('14', 'acc_anyroomowner', '1');
INSERT INTO permission_group_rights (group_id, right_name, setting_type) VALUES ('14', 'acc_calendar_force', '0');
INSERT INTO permission_group_rights (group_id, right_name, setting_type) VALUES ('14', 'acc_camera', '1');
INSERT INTO permission_group_rights (group_id, right_name, setting_type) VALUES ('14', 'acc_can_stalk', '1');
INSERT INTO permission_group_rights (group_id, right_name, setting_type) VALUES ('14', 'acc_catalog_ids', '1');
INSERT INTO permission_group_rights (group_id, right_name, setting_type) VALUES ('14', 'acc_chat_no_filter', '1');
INSERT INTO permission_group_rights (group_id, right_name, setting_type) VALUES ('14', 'acc_chat_no_flood', '1');
INSERT INTO permission_group_rights (group_id, right_name, setting_type) VALUES ('14', 'acc_chat_no_limit', '1');
INSERT INTO permission_group_rights (group_id, right_name, setting_type) VALUES ('14', 'acc_empty_others', '1');
INSERT INTO permission_group_rights (group_id, right_name, setting_type) VALUES ('14', 'acc_enable_others', '1');
INSERT INTO permission_group_rights (group_id, right_name, setting_type) VALUES ('14', 'acc_enteranyroom', '1');
INSERT INTO permission_group_rights (group_id, right_name, setting_type) VALUES ('14', 'acc_floorplan_editor', '1');
INSERT INTO permission_group_rights (group_id, right_name, setting_type) VALUES ('14', 'acc_fullrooms', '1');
INSERT INTO permission_group_rights (group_id, right_name, setting_type) VALUES ('14', 'acc_guildgate', '1');
INSERT INTO permission_group_rights (group_id, right_name, setting_type) VALUES ('14', 'acc_guild_admin', '1');
INSERT INTO permission_group_rights (group_id, right_name, setting_type) VALUES ('14', 'acc_helper_give_guide_tours', '1');
INSERT INTO permission_group_rights (group_id, right_name, setting_type) VALUES ('14', 'acc_helper_judge_chat_reviews', '1');
INSERT INTO permission_group_rights (group_id, right_name, setting_type) VALUES ('14', 'acc_helper_use_guide_tool', '1');
INSERT INTO permission_group_rights (group_id, right_name, setting_type) VALUES ('14', 'acc_hide_ip', '0');
INSERT INTO permission_group_rights (group_id, right_name, setting_type) VALUES ('14', 'acc_hide_mail', '0');
INSERT INTO permission_group_rights (group_id, right_name, setting_type) VALUES ('14', 'acc_infinite_credits', '1');
INSERT INTO permission_group_rights (group_id, right_name, setting_type) VALUES ('14', 'acc_infinite_friends', '1');
INSERT INTO permission_group_rights (group_id, right_name, setting_type) VALUES ('14', 'acc_infinite_pixels', '1');
INSERT INTO permission_group_rights (group_id, right_name, setting_type) VALUES ('14', 'acc_infinite_points', '1');
INSERT INTO permission_group_rights (group_id, right_name, setting_type) VALUES ('14', 'acc_mimic_unredeemed', '1');
INSERT INTO permission_group_rights (group_id, right_name, setting_type) VALUES ('14', 'acc_modtool_room_info', '1');
INSERT INTO permission_group_rights (group_id, right_name, setting_type) VALUES ('14', 'acc_modtool_room_logs', '1');
INSERT INTO permission_group_rights (group_id, right_name, setting_type) VALUES ('14', 'acc_modtool_ticket_q', '1');
INSERT INTO permission_group_rights (group_id, right_name, setting_type) VALUES ('14', 'acc_modtool_user_alert', '1');
INSERT INTO permission_group_rights (group_id, right_name, setting_type) VALUES ('14', 'acc_modtool_user_ban', '1');
INSERT INTO permission_group_rights (group_id, right_name, setting_type) VALUES ('14', 'acc_modtool_user_logs', '1');
INSERT INTO permission_group_rights (group_id, right_name, setting_type) VALUES ('14', 'acc_moverotate', '1');
INSERT INTO permission_group_rights (group_id, right_name, setting_type) VALUES ('14', 'acc_nomute', '1');
INSERT INTO permission_group_rights (group_id, right_name, setting_type) VALUES ('14', 'acc_not_mimiced', '1');
INSERT INTO permission_group_rights (group_id, right_name, setting_type) VALUES ('14', 'acc_no_mute', '1');
INSERT INTO permission_group_rights (group_id, right_name, setting_type) VALUES ('14', 'acc_placefurni', '1');
INSERT INTO permission_group_rights (group_id, right_name, setting_type) VALUES ('14', 'acc_see_tentchat', '1');
INSERT INTO permission_group_rights (group_id, right_name, setting_type) VALUES ('14', 'acc_see_whispers', '1');
INSERT INTO permission_group_rights (group_id, right_name, setting_type) VALUES ('14', 'acc_staff_pick', '1');
INSERT INTO permission_group_rights (group_id, right_name, setting_type) VALUES ('14', 'acc_superwired', '1');
INSERT INTO permission_group_rights (group_id, right_name, setting_type) VALUES ('14', 'acc_supporttool', '1');
INSERT INTO permission_group_rights (group_id, right_name, setting_type) VALUES ('14', 'acc_trade_anywhere', '1');
INSERT INTO permission_group_rights (group_id, right_name, setting_type) VALUES ('14', 'acc_unkickable', '1');
INSERT INTO permission_group_rights (group_id, right_name, setting_type) VALUES ('14', 'acc_unlimited_bots', '1');
INSERT INTO permission_group_rights (group_id, right_name, setting_type) VALUES ('14', 'acc_unlimited_pets', '1');
-- legacy table
INSERT INTO permissions (id, rank_name, prefix, prefix_color) VALUES ('14', 'Admin', 'ADM', '#de1f1f');


SET FOREIGN_KEY_CHECKS = 1;
